Workbook

Sheet 可视化看板

Sheet 数据统计
B1: 注：填充色为浅黄色的单元格需要手动查找数据填充，其余数据从MSSP平台导出底数据后覆盖子表内容，再更新单元格L1和M1自动按照统计周期计算结果； | H1: 当前时间 | I1: =TODAY() -> 46113 | K1: 统计周期 | L1: 45870 | M1: 46098
B3: P5 | C3: 边界下一代防火墙AF | D3: 10
B4: 左侧接入组件数量 | C4: 全流量威胁检测与分析组STA | D4: 5
C5: 端点安全防护软件EDR | D5: 104
C6: 漏洞扫描组件TSS | D6: 1
C7: 第三方安全设备 | D7: 0
B8: P7 | C8: Q1 | D8: 2025/8/1～2025/10/30 | E8: Q2 | F8: 2025/11/1～2026/1/31 | G8: Q3 | H8: 2026/2/1～2026/4/30 | I8: Q4 | J8: 2026/5/1～2026/7/31
C9: 《项目启动会PPT》 | D9: 1 | F9: 《安全运营报告》--周报 | G9: =IF(M1-L1>0,INT((M1-L1)/7),"") -> 32
B10: 交付进度与交付物数量 | C10: 《首次分析与处置报告》 | D10: 1 | F10: 《综合分析报告》--月报 | G10: =IF(M1-L1>0,INT((M1-L1)/30),"") -> 7
C11: 《漏洞管理举证报告》 | D11: =IF(M1-L1>0,INT((M1-L1)/91),"") -> 2 | F11: 《安全运营报告》--季报 | G11: =IF(M1-L1>0,INT((M1-L1)/91),"") -> 2
C12: 《漏洞清单》 | D12: =IF(M1-L1>0,INT((M1-L1)/91),"") -> 2
C13: 《服务资产表》 | D13: 1 | F13: 《重要节假日网络安全保障工作简报》 | G13: =COUNTIFS(F103:F109,"<>") -> 4
C14: 《事件跟踪表》 | D14: =IF(M1-L1>0,INT((M1-L1)/30),"") -> 7
C15: 《应急响应报告》 | D15: 0
C16: 《暴露面梳理报告》 | D16: 1
F17: 《网络安全态势半月刊》+最新威胁情报 | G17: =COUNTIFS(事件表!A:A,"最新威胁") -> 109
F18: 《钓鱼场景安全意识海报》 | G18: 0
B20: P8 | C20: 网络安全事故数 | D20: 主动保护 | E20: 通报数 | F20: 通报问题闭环率 | G20: 事件数 | H20: 事件闭环率 | I20: 事件平均遏制时间
D21: 7*24 | E21: 0 | F21: 1 | G21: =COUNTIFS(事件表!A:A,"*事件*",事件表!B:B,">="&L1,事件表!B:B,"<="&M1) -> 26 | H21: 1 | I21: =AVERAGEIFS(事件表!BB:BB,事件表!BB:BB,"<>",事件表!A:A,"*事件*") -> 13.984167
B22: 左侧接入组件数量 | C22: 边界下一代防火墙AF | D22: 10 | E22: 中部 | F22: 安全日志数量 | G22: 4356578 | H22: 右侧 | I22: MSS服务内风险资产数 | J22: 118 | K22: AF防护路径覆盖率 | L22: 1
C23: 全流量威胁检测与分析组STA | D23: 5 | E23: XDR总览统计数据 | F23: 日志到告警消减率 | G23: =1-G24/G22 -> 0.97880469 | H23: MSS服务内风险资产数（XDR） | I23: 服务内告警数 | J23: 16199 | K23: 探针流量监测覆盖率 | L23: 1
C24: 端点安全防护软件EDR | D24: 104 | F24: 安全告警数量 | G24: 92339 | I24: 服务内事件数 | J24: 10248 | K24: AES安装覆盖率 | L24: 1
C25: 漏洞扫描组件TSS | D25: 1 | F25: 告警消减率 | G25: =1-G26/G24 -> 0.85391871 | I25: 服务内处置率 | J25: 1 | K25: 告警自动分析比例 | L25: =COUNTIFS(告警表!E:E,"*自动*")/(COUNTA(告警表!E:E)-1) -> 0.39203016
C26: 第三方安全设备 | D26: 0 | F26: 安全事件数 | G26: 13489 | I26: 平均响应时长 | J26: =AVERAGEIFS(事件表!BA:BA,事件表!BA:BA,"<>",事件表!A:A,"*事件*") -> 8.4496154 | K26: 告警人工分析比例 | L26: =(COUNTIFS(告警表!E:E,"已驳回")+COUNTIFS(告警表!E:E,"已加白")+COUNTIFS(告警表!E:E,"已完成"))/(COUNTA(告警表!E:E)-1) -> 0.60096931
F27: 风险资产数 | G27: 185 | H27: MSS服务外风险资产数（XDR） | I27: MSS服务内风险资产数 | J27: =G27-J22 -> 67
B28: 保护对象 | C28: 业务系统数 | D28: {=COUNTA(_xlfn.UNIQUE(资产表!$B$2:$B$20000))} -> 155 | I28: 服务外告警数 | J28: =G24-J23-16199 -> 59941
C29: 服务器资产数 | D29: =COUNTIFS(资产表!F:F,"服务器") -> 160 | I29: 服务外事件数 | J29: =G26-J24 -> 3241
C30: PC资产数 | D30: =COUNTIFS(资产表!F:F,"终端") -> 950 | I30: 服务外处置率 | J30: 1
I31: 平均响应时长 | J31: 312.33
B33: P9 | C33: 高危可利用漏洞防护率 | D33: 告警研判率 | E33: 告警平均响应时间 | F33: 威胁实时遏制率
C34: =D38/D43 -> 0.028571429 | D34: 1 | E34: =AVERAGEIFS(事件表!BA:BA,事件表!BA:BA,"<>",事件表!A:A,"*事件*") -> 8.4496154 | F34: 1
B35: 防护 | C35: AF外部攻击拦截数 | D35: 24401 | E35: 监测 | F35: XDR安全日志数量 | G35: =G22 -> 4356578
C36: EDR防护端点风险数 | D36: 185 | F36: XDR安全告警总数 | G36: =G24 -> 92339
C37: 策略检查与优化次数 | D37: 2 | F37: XDR安全事件数 | G37: =G26 -> 13489
C38: 高危可利用漏洞防护数 | D38: =COUNTIFS(资产漏洞表!E:E,"高危",资产漏洞表!F:F,"是",资产漏洞表!P:P,"已防护") -> 1 | F38: MSS通告事件数 | G38: =COUNTIFS(事件表!A:A,"*事件*",事件表!B:B,">="&L1,事件表!B:B,"<="&M1) -> 26
B39: 识别 | C39: 暴露面扫描次数 | D39: 1 | F39: MSS事件平均推送时长 | G39: =AVERAGEIFS(事件表!BA:BA,事件表!BA:BA,"<>",事件表!AW:AW,"已通告",事件表!A:A,"*事件*") -> 13.984167
C40: 资产和漏洞扫描次数 | D40: 2 | E40: 响应 | F40: XDR自动化处置事件数 | G40: 0
C41: 服务资产数 | D41: =COUNTIFS(资产表!F:F,"服务器") -> 160 | F41: MSS处置事件数 | G41: =COUNTIFS(事件表!A:A,"*事件*",事件表!B:B,">="&L1,事件表!B:B,"<="&M1,事件表!I:I,"已闭环") -> 22
C42: PC资产数 | D42: =COUNTIFS(资产表!F:F,"终端") -> 950 | F42: 应急处置事件数 | G42: 0
C43: 高危可利用漏洞数 | D43: =COUNTIFS(资产漏洞表!E:E,"高危",资产漏洞表!F:F,"是") -> 35 | F43: 事件平均遏制时间 | G43: =I21 -> 13.984167
C44: 暴露面风险数 | D44: 4
B45: 运营 | C45: 闭环事件工单数 | D45: =COUNTIFS(事件表!A:A,"*事件*",事件表!I:I,"*已*",事件表!B:B,">="&L1,事件表!B:B,"<="&M1)+COUNTIFS(事件表!A:A,"*事件*",事件表!I:I,"*不处置*",事件表!B:B,">="&L1,事件表!B:B,"<="&M1) -> 26
C46: 闭环漏洞工单数 | D46: =COUNTIFS(资产漏洞表!E:E,"高危",资产漏洞表!F:F,"是",资产漏洞表!P:P,"*已*") -> 11
C47: 运营周报数 | D47: =G9 -> 32
C48: 运营月报数 | D48: =G10 -> 7
B50: P11 | C50: 安全事件总数 | D50: 事件平均响应时间 | E50: 事件平均处置时长 | F50: 事件闭环率
C51: =COUNTIFS(事件表!A:A,"*事件*",事件表!B:B,">="&L1,事件表!B:B,"<="&M1) -> 26 | D51: =AVERAGEIFS(事件表!BA:BA,事件表!BA:BA,"<>",事件表!AW:AW,"已通告",事件表!A:A,"*事件*") -> 13.984167 | E51: =AVERAGEIFS(事件表!BC:BC,事件表!BC:BC,"<>",事件表!AW:AW,"已通告",事件表!A:A,"*事件*") -> 28937.155 | F51: =(COUNTIFS(事件表!A:A,"*事件*",事件表!I:I,"*已*",事件表!B:B,">="&L1,事件表!B:B,"<="&M1)+COUNTIFS(事件表!A:A,"*事件*",事件表!I:I,"*不处置*",事件表!B:B,">="&L1,事件表!B:B,"<="&M1))/C51 -> 1
B53: 安全事件类型TOP5 | C53: 渗透框架 | D53: =COUNTIFS(事件表!C:C,C53,事件表!A:A,"*事件*") -> 4 | E53: 平均处置时间（分钟） | F53: 识别 | G53: =AVERAGEIFS(事件表!AZ:AZ,事件表!AZ:AZ,"<>",事件表!AW:AW,"已通告",事件表!A:A,"*事件*") -> 5.1166667
C54: 木马 | D54: =COUNTIFS(事件表!C:C,C54,事件表!A:A,"*事件*") -> 3 | F54: 响应 | G54: =AVERAGEIFS(事件表!BA:BA,事件表!BA:BA,"<>",事件表!AW:AW,"已通告",事件表!A:A,"*事件*") -> 13.984167
C55: 代理工具 | D55: =COUNTIFS(事件表!C:C,C55,事件表!A:A,"*事件*") -> 2 | F55: 遏制 | G55: =AVERAGEIFS(事件表!BB:BB,事件表!BB:BB,"<>",事件表!AW:AW,"已通告",事件表!A:A,"*事件*") -> 13.984167
C56: 挖矿 | D56: =COUNTIFS(事件表!C:C,C56,事件表!A:A,"*事件*") -> 2 | F56: 处置 | G56: =AVERAGEIFS(事件表!BC:BC,事件表!BC:BC,"<>",事件表!AW:AW,"已通告",事件表!A:A,"*事件*") -> 28937.155
C57: 账号安全 | D57: =COUNTIFS(事件表!C:C,C57,事件表!A:A,"*事件*") -> 1 | F57: 闭环 | G57: =AVERAGEIFS(事件表!BD:BD,事件表!BD:BD,"<>",事件表!AW:AW,"已通告",事件表!A:A,"*事件*") -> 36717.143
B59: 平均响应时效趋势
B60: 月份 | C60: =TEXT(L1,"YYYY-MM") -> 2025-08 | D60: =TEXT(DATE(YEAR(C60),MONTH(C60)+1,DAY(C60)),"YYYY-MM") -> 2025-09 | E60: =TEXT(DATE(YEAR(D60),MONTH(D60)+1,DAY(D60)),"YYYY-MM") -> 2025-10 | F60: =TEXT(DATE(YEAR(E60),MONTH(E60)+1,DAY(E60)),"YYYY-MM") -> 2025-11 | G60: =TEXT(DATE(YEAR(F60),MONTH(F60)+1,DAY(F60)),"YYYY-MM") -> 2025-12 | H60: =TEXT(DATE(YEAR(G60),MONTH(G60)+1,DAY(G60)),"YYYY-MM") -> 2026-01 | I60: =TEXT(DATE(YEAR(H60),MONTH(H60)+1,DAY(H60)),"YYYY-MM") -> 2026-02 | J60: =TEXT(DATE(YEAR(I60),MONTH(I60)+1,DAY(I60)),"YYYY-MM") -> 2026-03 | K60: =TEXT(DATE(YEAR(J60),MONTH(J60)+1,DAY(J60)),"YYYY-MM") -> 2026-04 | ... N60: =TEXT(DATE(YEAR(M60),MONTH(M60)+1,DAY(M60)),"YYYY-MM") -> 2026-07
B61: 平均响应时长 | C61: =AVERAGEIFS(事件表!BA:BA,事件表!$B:$B,">="&DATE(YEAR(C60),MONTH(C60),1),事件表!$B:$B,"<="&DATE(YEAR(C60),MONTH(C60),DAY(EOMONTH(C60,0)))) -> 1.4886667 | D61: =AVERAGEIFS(事件表!BA:BA,事件表!$B:$B,">="&DATE(YEAR(D60),MONTH(D60),1),事件表!$B:$B,"<="&DATE(YEAR(D60),MONTH(D60),DAY(EOMONTH(D60,0)))) -> 5.33 | E61: =AVERAGEIFS(事件表!BA:BA,事件表!$B:$B,">="&DATE(YEAR(E60),MONTH(E60),1),事件表!$B:$B,"<="&DATE(YEAR(E60),MONTH(E60),DAY(EOMONTH(E60,0)))) -> 20.456667 | F61: =AVERAGEIFS(事件表!BA:BA,事件表!$B:$B,">="&DATE(YEAR(F60),MONTH(F60),1),事件表!$B:$B,"<="&DATE(YEAR(F60),MONTH(F60),DAY(EOMONTH(F60,0)))) -> 3.6636364 | G61: =AVERAGEIFS(事件表!BA:BA,事件表!$B:$B,">="&DATE(YEAR(G60),MONTH(G60),1),事件表!$B:$B,"<="&DATE(YEAR(G60),MONTH(G60),DAY(EOMONTH(G60,0)))) -> 7 | H61: =AVERAGEIFS(事件表!BA:BA,事件表!$B:$B,">="&DATE(YEAR(H60),MONTH(H60),1),事件表!$B:$B,"<="&DATE(YEAR(H60),MONTH(H60),DAY(EOMONTH(H60,0)))) -> 7.932 | I61: =AVERAGEIFS(事件表!BA:BA,事件表!$B:$B,">="&DATE(YEAR(I60),MONTH(I60),1),事件表!$B:$B,"<="&DATE(YEAR(I60),MONTH(I60),DAY(EOMONTH(I60,0)))) -> 7.746 | J61: =AVERAGEIFS(事件表!BA:BA,事件表!$B:$B,">="&DATE(YEAR(J60),MONTH(J60),1),事件表!$B:$B,"<="&DATE(YEAR(J60),MONTH(J60),DAY(EOMONTH(J60,0)))) -> 5.53 | ... L61: =AVERAGEIFS(事件表!BA:BA,事件表!$B:$B,">="&DATE(YEAR(L60),MONTH(L60),1),事件表!$B:$B,"<="&DATE(YEAR(L60),MONTH(L60),DAY(EOMONTH(L60,0)))) -> #DIV/0! | M61: =AVERAGEIFS(事件表!BB:BB,事件表!$B:$B,">="&DATE(YEAR(M60),MONTH(M60),1),事件表!$B:$B,"<="&DATE(YEAR(M60),MONTH(M60),DAY(EOMONTH(M60,0)))) -> #DIV/0! | N61: =AVERAGEIFS(事件表!BC:BC,事件表!$B:$B,">="&DATE(YEAR(N60),MONTH(N60),1),事件表!$B:$B,"<="&DATE(YEAR(N60),MONTH(N60),DAY(EOMONTH(N60,0)))) -> #DIV/0!
B64: P13 | C64: 服务器资产总数 | D64: =COUNTIFS(资产表!F:F,"服务器") -> 160 | E64: 资产类型分布 | F64: 服务器 | G64: =COUNTIFS(资产表!F:F,"服务器") -> 160
B65: 数据概览 | C65: PC资产数 | D65: =COUNTIFS(资产表!F:F,"终端") -> 950 | F65: 终端 | G65: =COUNTIFS(资产表!F:F,"终端") -> 950
C66: 互联网IP/域名数 | D66: =暴露面!E2+暴露面!E3+暴露面!E4 -> 11 | F66: 网络设备 | G66: =COUNTIFS(资产表!F:F,"网络设备") -> 68
C67: 互联网暴露端口数 | D67: =暴露面!E5 -> 27 | F67: 安全设备 | G67: =COUNTIFS(资产表!F:F,"安全设备")+COUNTIFS(资产表!F:F,"堡垒机")+COUNTIFS(资产表!F:F,"扫描器") -> 27
C68: 资产识别次数 | D68: 12 | F68: 物联网设备 | G68: =COUNTIFS(资产表!F:F,"物联网设备") -> 1250
B70: 内网业务区域 | C70: 服务器数量 | D70: =COUNTIFS(资产表!F:F,"服务器",资产表!AG:AG,"内网") -> 135 | E70: 外网业务区域 | F70: 外网服务器资产数量 | G70: =COUNTIFS(资产表!F:F,"服务器",资产表!AG:AG,"外网") -> 25
C71: PC终端数量 | D71: =COUNTIFS(资产表!F:F,"终端",资产表!AG:AG,"内网") -> 948 | F71: 外网域名资产数量 | G71: =暴露面!E2+暴露面!E4 -> 4
C72: 网络设备数量 | D72: =COUNTIFS(资产表!F:F,"网络设备",资产表!AG:AG,"内网")+COUNTIFS(资产表!F:F,"安全设备",资产表!AG:AG,"内网")+COUNTIFS(资产表!F:F,"堡垒机",资产表!AG:AG,"内网")+COUNTIFS(资产表!F:F,"扫描器",资产表!AG:AG,"内网") -> 92 | F72: web资产数量 | G72: =暴露面!E6 -> 20
C73: 物联网设备数量 | D73: =COUNTIFS(资产表!F:F,"物联网设备",资产表!AG:AG,"内网") -> 1250 | F73: 非web资产数量 | G73: =暴露面!E7 -> 7
C74: MSS服务资产数量 | D74: =COUNTIFS(资产表!E:E,"*服务内*") -> 126 | F74: 登录入口数量 | G74: 12
B76: P14 | C76: 高危可利用漏洞数 | D76: 已闭环外网资产漏洞数 | E76: 管理员弱密码数 | F76: 高危可利用漏洞闭环率
C77: =COUNTIFS(资产漏洞表!E:E,"高危",资产漏洞表!F:F,"是",资产漏洞表!T:T,">="&L1,资产漏洞表!T:T,"<="&M1) -> 25 | D77: =COUNTIFS(资产漏洞表!N:N,"外网",资产漏洞表!P:P,"*已*",资产漏洞表!T:T,">="&L1,资产漏洞表!T:T,"<="&M1) -> 184 | E77: 62 | F77: =COUNTIFS(资产漏洞表!E:E,"高危",资产漏洞表!F:F,"是",资产漏洞表!P:P,"*已*")/COUNTIFS(资产漏洞表!E:E,"高危",资产漏洞表!F:F,"是") -> 0.31428571
B79: 漏洞分布 | D79: 总数 | E79: 已闭环数 | F79: 闭环率
C80: 高危漏洞 | D80: =COUNTIFS(资产漏洞表!E:E,"高危") -> 2582 | E80: =COUNTIFS(资产漏洞表!E:E,"中危",资产漏洞表!P:P,"*已*") -> 220 | F80: =E80/D80 -> 0.085205267
C81: 中危漏洞 | D81: =COUNTIFS(资产漏洞表!E:E,"中危") -> 3678 | E81: =COUNTIFS(资产漏洞表!E:E,"中危",资产漏洞表!P:P,"*已*") -> 220 | F81: =E81/D81 -> 0.059815117
C82: 低危漏洞 | D82: =COUNTIFS(资产漏洞表!E:E,"低危") -> 3194 | E82: =COUNTIFS(资产漏洞表!E:E,"高危",资产漏洞表!P:P,"*已*") -> 325 | F82: =E82/D82 -> 0.10175329
B84: P15 | C84: 外部攻击日志数量（XDR） | D84: 65545 | F84: 攻击来源地域分布top5 | G84: 攻击数量 | I84: 攻击类型top5 | J84: 攻击数量 | L84: 遭受外部攻击的主机 | M84: 日志数量
B85: 威胁总览 | C85: 实时威胁告警数量 | D85: =COUNTIFS(告警表!D:D,"*威胁*") -> 515 | F85: 中国 上海市 | G85: 2064 | I85: 代码注入 | J85: 1254 | L85: 192.168.22.54（应用服务器） | M85: 2684
C86: MSS威胁工单数量 | D86: =COUNTIFS(事件表!A:A,"重大威胁",事件表!B:B,">="&L1,事件表!B:B,"<="&M1)+COUNTIFS(事件表!A:A,"一般威胁",事件表!B:B,">="&L1,事件表!B:B,"<="&M1) -> 3 | F86: 中国 浙江省 | G86: 726 | I86: 信息泄露 | J86: 1242 | L86: 192.168.22.23（天津堡垒机） | M86: 2337
C87: 威胁工单平均响应时间 | D87: =AVERAGEIFS(事件表!BA:BA,事件表!BA:BA,"<>",事件表!AW:AW,"已通告",事件表!A:A,"*威胁*") -> 3.54 | F87: 中国 天津市 | G87: 582 | I87: 扫描工具 | J87: 735 | L87: 192.168.9.10（资产发现系统默认分组） | M87: 204
B88: 策略检查 | C88: 安全设备策略检查次数 | D88: 2 | F88: 中国 北京市 | G88: 327 | I88: 开源和商业应用漏洞 | J88: 423 | L88: 192.168.22.55（应用备用服务器） | M88: 9
C89: 已优化的策略风险数量 | D89: 0 | F89: 中国 山东省 | G89: 259 | I89: Web框架漏洞 | J89: 341 | L89: 192.168.22.4（天津ssl vpn） | M89: 7
B90: 最新威胁 | C90: 最新威胁情报数量 | D90: =COUNTIFS(事件表!A:A,"最新威胁",事件表!B:B,">="&L1,事件表!B:B,"<="&M1) -> 109
C91: 最新威胁影响资产数 | D91: 15
B93: 威胁运营趋势---XDR平台获取
C94: =TEXT(L1,"YYYY-MM") -> 2025-08 | D94: =TEXT(DATE(YEAR(C94),MONTH(C94)+1,DAY(C94)),"YYYY-MM") -> 2025-09 | E94: =TEXT(DATE(YEAR(D94),MONTH(D94)+1,DAY(D94)),"YYYY-MM") -> 2025-10 | F94: =TEXT(DATE(YEAR(E94),MONTH(E94)+1,DAY(E94)),"YYYY-MM") -> 2025-11 | G94: =TEXT(DATE(YEAR(F94),MONTH(F94)+1,DAY(F94)),"YYYY-MM") -> 2025-12 | H94: =TEXT(DATE(YEAR(G94),MONTH(G94)+1,DAY(G94)),"YYYY-MM") -> 2026-01 | I94: =TEXT(DATE(YEAR(H94),MONTH(H94)+1,DAY(H94)),"YYYY-MM") -> 2026-02 | J94: =TEXT(DATE(YEAR(I94),MONTH(I94)+1,DAY(I94)),"YYYY-MM") -> 2026-03 | K94: =TEXT(DATE(YEAR(J94),MONTH(J94)+1,DAY(J94)),"YYYY-MM") -> 2026-04 | ... N94: =TEXT(DATE(YEAR(M94),MONTH(M94)+1,DAY(M94)),"YYYY-MM") -> 2026-07
B95: 外部攻击数 | C95: 6729 | D95: 5323 | E95: 5940 | F95: 34095 | G95: 6990 | H95: 8813 | I95: 4270 | J95: 4506
B96: 恶意外联数 | C96: 145428 | D96: 134496 | E96: 165515 | F96: 292379 | G96: 220881 | H96: 176312 | I96: 214511 | J96: 82013
B97: 内部横向攻击数 | C97: 303457 | D97: 222567 | E97: 241853 | F97: 195076 | G97: 104462 | H97: 325269 | I97: 228846 | J97: 226718 | K97: 287975 | L97: 165318 | M97: 101338 | N97: 235646
B98: 告警数 | C98: =COUNTIFS(告警表!$Z:$Z,">="&DATE(YEAR(C94),MONTH(C94),1),告警表!$Z:$Z,"<="&DATE(YEAR(C94),MONTH(C94),DAY(EOMONTH(C94,0)))) -> 23 | D98: =COUNTIFS(告警表!$Z:$Z,">="&DATE(YEAR(D94),MONTH(D94),1),告警表!$Z:$Z,"<="&DATE(YEAR(D94),MONTH(D94),DAY(EOMONTH(D94,0)))) -> 37 | E98: =COUNTIFS(告警表!$Z:$Z,">="&DATE(YEAR(E94),MONTH(E94),1),告警表!$Z:$Z,"<="&DATE(YEAR(E94),MONTH(E94),DAY(EOMONTH(E94,0)))) -> 115 | F98: =COUNTIFS(告警表!$Z:$Z,">="&DATE(YEAR(F94),MONTH(F94),1),告警表!$Z:$Z,"<="&DATE(YEAR(F94),MONTH(F94),DAY(EOMONTH(F94,0)))) -> 227 | G98: =COUNTIFS(告警表!$Z:$Z,">="&DATE(YEAR(G94),MONTH(G94),1),告警表!$Z:$Z,"<="&DATE(YEAR(G94),MONTH(G94),DAY(EOMONTH(G94,0)))) -> 242 | H98: =COUNTIFS(告警表!$Z:$Z,">="&DATE(YEAR(H94),MONTH(H94),1),告警表!$Z:$Z,"<="&DATE(YEAR(H94),MONTH(H94),DAY(EOMONTH(H94,0)))) -> 117 | I98: =COUNTIFS(告警表!$Z:$Z,">="&DATE(YEAR(I94),MONTH(I94),1),告警表!$Z:$Z,"<="&DATE(YEAR(I94),MONTH(I94),DAY(EOMONTH(I94,0)))) -> 343 | J98: =COUNTIFS(告警表!$Z:$Z,">="&DATE(YEAR(J94),MONTH(J94),1),告警表!$Z:$Z,"<="&DATE(YEAR(J94),MONTH(J94),DAY(EOMONTH(J94,0)))) -> 703 | ... N98: =COUNTIFS(告警表!$Z:$Z,">="&DATE(YEAR(N94),MONTH(N94),1),告警表!$Z:$Z,"<="&DATE(YEAR(N94),MONTH(N94),DAY(EOMONTH(N94,0)))) -> 0
B99: 有效事件数 | C99: =COUNTIFS(事件表!A:A,"*事件*",事件表!$B:$B,">="&DATE(YEAR(C94),MONTH(C94),1),事件表!$B:$B,"<="&DATE(YEAR(C94),MONTH(C94),DAY(EOMONTH(C94,0)))) -> 9 | D99: =COUNTIFS(事件表!A:A,"*事件*",事件表!$B:$B,">="&DATE(YEAR(D94),MONTH(D94),1),事件表!$B:$B,"<="&DATE(YEAR(D94),MONTH(D94),DAY(EOMONTH(D94,0)))) -> 5 | E99: =COUNTIFS(事件表!A:A,"*事件*",事件表!$B:$B,">="&DATE(YEAR(E94),MONTH(E94),1),事件表!$B:$B,"<="&DATE(YEAR(E94),MONTH(E94),DAY(EOMONTH(E94,0)))) -> 1 | F99: =COUNTIFS(事件表!A:A,"*事件*",事件表!$B:$B,">="&DATE(YEAR(F94),MONTH(F94),1),事件表!$B:$B,"<="&DATE(YEAR(F94),MONTH(F94),DAY(EOMONTH(F94,0)))) -> 2 | G99: =COUNTIFS(事件表!A:A,"*事件*",事件表!$B:$B,">="&DATE(YEAR(G94),MONTH(G94),1),事件表!$B:$B,"<="&DATE(YEAR(G94),MONTH(G94),DAY(EOMONTH(G94,0)))) -> 4 | H99: =COUNTIFS(事件表!A:A,"*事件*",事件表!$B:$B,">="&DATE(YEAR(H94),MONTH(H94),1),事件表!$B:$B,"<="&DATE(YEAR(H94),MONTH(H94),DAY(EOMONTH(H94,0)))) -> 2 | I99: =COUNTIFS(事件表!A:A,"*事件*",事件表!$B:$B,">="&DATE(YEAR(I94),MONTH(I94),1),事件表!$B:$B,"<="&DATE(YEAR(I94),MONTH(I94),DAY(EOMONTH(I94,0)))) -> 2 | J99: =COUNTIFS(事件表!A:A,"*事件*",事件表!$B:$B,">="&DATE(YEAR(J94),MONTH(J94),1),事件表!$B:$B,"<="&DATE(YEAR(J94),MONTH(J94),DAY(EOMONTH(J94,0)))) -> 1 | ... N99: =COUNTIFS(事件表!A:A,"*事件*",事件表!$B:$B,">="&DATE(YEAR(N94),MONTH(N94),1),事件表!$B:$B,"<="&DATE(YEAR(N94),MONTH(N94),DAY(EOMONTH(N94,0)))) -> 0
B100: 风险主机数 | C100: 40 | D100: 70 | E100: 35 | F100: 10 | G100: 2 | H100: 1 | I100: 0 | J100: 1
B102: P16 | C102: 重要时期值守次数 | D102: 4 | E102: 重要时期安全态势分布 | G102: 日均攻击数 | H102: 防御率
B103: 概览数据 | C103: 重要时期安全事件数 | D103: 0 | F103: 中秋（25/9/15-9/17） | G103: 9623 | H103: 1
C104: 业务可用性保障 | D104: 1 | F104: 国庆（25/10/1-10/8） | G104: 28655 | H104: 1
F105: 元旦（26/1/1-1/3） | G105: 3461 | H105: 1
F106: 春节（26/2/10-2/25） | G106: 16440 | H106: 1
B111: P17 | C111: 边界防火墙检出攻击 | D111: 42572
B112: 边界防护 | C112: 防火墙自动拦截率 | D112: =D35/D111 -> 0.57317016
C113: 防火墙防护路径覆盖率 | D113: 1
B114: 端点防护 | C114: AES检出端点安全风险 | D114: 393 | E114: AES信任风险次数 | F114: 39
C115: 主机异常风险联动处置 | D115: 254 | E115: agent安装数 | F115: =D5 -> 104
C116: 服务器资产端点覆盖率 | D116: =D5/D64 -> 0.65 | E116: 资产总数 | F116: =D64 -> 160
B117: 平台监测与响应 | C117: XDR平台全网安全日志 | D117: =G35 -> 4356578 | E117: XDR月平均日志数 | F117: =D117/DATEDIF(L1,M1,"M") -> 622368.29
C118: 聚合识别安全告警 | D118: =G36 -> 92339 | E118: XDR月平均告警数 | F118: =D118/DATEDIF(L1,M1,"M") -> 13191.286
...

Sheet 运营机制
B2: 风险管理
B3: 类别 | C3: 子类别 | D3: 服务执行机制 | E3: 用户方配合事项 | F3: 执行标准
B4: 互联网暴露面 | C4: 暴露面分析 | D4: 首次全面梳理 常态化监测扫描，每周轮询扫描一次 | E4: 确认暴露面是否为业务需要，对不需要的暴露面做访问权限收敛 | F4: 每季度/次
C5: 攻击面分析 | D5: 首次全面梳理外部攻击面及暴露面弱点 常态化监测扫描，每两周周轮询扫描一次 | E5: 对外部暴露面存在的业务弱点进行修复加固 | F5: 每半年/次
C6: 敏感数据泄露监测 | D6: 采用网络监测手段实时爬取暗网等平台是否存在单位相关的关键字数据信息，检测到后实时告警推送预警 | E6: 对异常数据外泄采取应对措施，降低影响 | F6: 7*24实时预警
B7: 漏洞管理 | C7: 互联网资产漏洞 | D7: 高危可利用：每季度针对服务器操作系统和应用程序执行一次漏洞扫描，验证漏洞的利用危害和业务影响 | E7: AF防护，针对AF无法防护的需要用户业务侧修复漏洞； 分发漏洞工单到业务系统维护方，开展漏洞修复和闭环跟进 | F7: 每季度/次
D8: 低可利用漏洞：每季度针对服务器操作系统和应用程序执行一次漏洞扫描，整理漏洞优先级 | E8: 针对有条件修复的漏洞定期进行补丁修复；修改系统配置或访问权限降低漏洞被利用的风险 | F8: 每季度/次
C9: 内网资产漏洞 | D9: 高危可利用：每季度针对服务器操作系统和应用程序执行一次漏洞扫描，整理漏洞优先级 | E9: AF防护，针对AF无法防护的需要用户业务侧修复漏洞； 分发漏洞工单到业务系统维护方，开展漏洞修复和闭环跟进 | F9: 每季度/次
D10: 低可利用漏洞：每季度针对服务器操作系统和应用程序执行一次漏洞扫描，整理漏洞优先级 | E10: 针对有条件修复的漏洞定期进行补丁修复；修改系统配置或访问权限降低漏洞被利用的风险 | F10: 每季度/次
B11: 业务弱点 | C11: 管理员弱密码 | D11: 主动探测：定期TSS扫描； 被动监测：实时推送工单，及时修改密码加固 | E11: 对发现的弱密码进行修改，制定/优化应用系统密码规则 | F11: 7*24实时预警
C12: 互联网系统弱密码 | D12: 被动监测：通过访问流量监测，发现后试试告警，通告用户方可及时修改强密码及密码规则； 主动探测：每季度执行一次互联网弱密码扫描 | E12: 对发现的弱密码进行修改，制定/优化应用系统密码规则 | F12: 7*24实时预警
C13: 内网普通用户弱密码 | D13: 被动监测：通过访问流量监测，发现后试试告警，通告用户方可及时修改强密码及密码规则； | E13: 对发现的弱密码进行修改，制定/优化应用系统密码规则 | F13: 每周/次
B14: 威胁运营
C15: 重大威胁 | D15: 定义：攻击者对内网发起的有组织，有预谋的持续性网络攻击（如 APT、新型威胁等） 7*24小时持续监测，发现有效威胁实时响应，遏制影响； | E15: 如发生业务行为命中安全规则被判定为攻击行为，封堵了源IP后造成业务访问异常时，反馈至服务群，解除封锁 | F15: 7*24实时处置
C16: 一般威胁 | D16: 定义：攻击者发起网络安全攻击，但是对业务未造成任何影响 7*24小时持续监测，发现有效威胁实时响应，遏制影响； | E16: 如发生业务行为命中安全规则被判定为攻击行为，封堵了源IP后造成业务访问异常时，反馈至服务群，解除封锁 | F16: 7*24实时处置
C17: 威胁预防 | D17: 定期开展安全设备策略/规则库检查，确保安全基础设施有效运行 | E17: 对存在风险的安全策略配合追溯原因和评估改进策略的可行性 | F17: 每月/次
B19: 闭环管理
B20: ①抑制：限制攻击或破坏涉及的范围，降低潜在的损失 ②调查：充足的举证信息 ③溯源：详细完整的入侵路径 ④处置：已发现问题的解决 ⑤加固：杜绝问题再次发生 | J20: 事件/告警分级定义标准
B21: 事件类型 | C21: 判断特征 | D21: 事件定级 | E21: 响应与闭环预案 | J21: 威胁及事件等级 | K21: 等级描述 | L21: 等级示例 | M21: SLA要求 | N21: 闭环要求
B22: 网络攻击 | C22: 攻击成功（例：Webshell上传成功） | D22: 重大事件 | E22: 抑制：联动AF封堵攻击源IP、隔离主机可疑进程或被上传的文件； 调查：关联日志分析攻击影响范围，对入侵成功的主机上机排查攻击动作痕迹和残余风险； 溯源：上机排查主机日志，结合流量日志还原攻击路径，找到入侵源头 处置：清除主机恶意文件/进程，恢复主机网络权限； 加固：针对入侵源头利用的漏洞点修复加固，加强安全策略配置 | J22: 重大事故 （对标国家标准I级事件） | K22: 因安全事件造成单位网络较大面积中断或主营业务系统较大面积瘫痪，影响系统重要客户的正常业务工作、对单位造成重大经济损失的或产生较严重不良社会影响： 1、网络较大面积中断：因网络中断，造成单位内半数以上部门不能正常使用一个及以上主营业务系统，持续时间超过 12 小时以上； 2、主营业务系统较大面积瘫痪：因系统主要功能不可用，造成单位内半数以上部门不能正常使用一个及以上主营业务系统，系统瘫痪时间 12 个小时以上。 | L22: 1、网络攻击类 外部攻击成功（webshell后门上传/远程命令执行/反序列化命令执行/远程漏洞利用成功等）且造成业务中断或关键业务数据丢失，影响重大的 2、病毒木马类 如加密勒索软件/webshell后门/黑链/主机存在恶意命令执行等事件发生，对业务连续性造成恶劣影响或产生勒索赔偿等重大损失的 | M22: 启用应急响应机制，工作时间15分钟，非工作时间30分钟之内云端专家进行响应，默认由专家团队进行远程协助解决，如远程无法解决的则采用最快的交通工具，省会2小时内上门处置，省内8小时内上门处置。 | N22: 抑制-->调查-->溯源-->处置-->加固
C23: 攻击失败（例：外网主机对内网主机发起一对多攻击） | D23: 重大威胁 | E23: 抑制（处置）：联动AF封堵攻击源IP | J23: 重大事件 （对标国家标准II级和III级事件） | K23: 因安全事件造成单位主营业务系统中断、敏感数据泄密，信息系统发布和传播系统发生篡改，影响系统部分客户的正常业务工作，或者被监管或主管单位通报，对单位造成较小损失或产生较小不良社会影响的。 | L23: 1、网络攻击类 1）外部攻击成功（webshell后门上传/远程命令执行/反序列化命令执行/远程漏洞利用成功/其他符合该等级的事件） 2）内部横向或内对外攻击成功（RDP暴力破解/系统命令执行/远程命令执行/其他符合该等级的事件） 2、病毒木马类 1）加密勒索软件/webshell后门/黑链/主机存在恶意命令执行/其他符合该等级的事件 | M23: 通告时间：从安全日志分析研判到通告，用时<30min 遏制影响时间：遏制影响时间<1h 准确率：安全事件经过人工确认后，准确率达到99% 闭环率：100% | N23: 抑制-->调查-->溯源-->处置-->加固
B24: 病毒木马 | C24: 感染型病毒（例：勒索病毒感染） | D24: 重大事件 | E24: 抑制：联动AF封堵外联目的IP/域名、联动EDR隔离主机可疑文件或主机网络权限 调查：联动EDR执行全盘查杀，关联主机流量侧行为日志调查扩散的影响范围 溯源：结合网络流量日志和主机操作日志，查明病毒文件上传途径 处置：清除主机病毒文件 加固：针对病毒文件上传途径做好安全加固（漏洞修复/加强密码策略/提高人员安全意识） | J24: 一般事件 （对标国家标准IV级事件） | K24: 因安全事件导致的内网小范围出现的网络延时或故障，信息系统功能缺陷或者短暂不可用，导致个别用户或者业务受影响等技术层面的事件，但是这些事件没有带来实际的损失和影响。 | L24: 1、网络攻击类 1）外部攻击成功（主机收到垃圾邮件/方法过滤/目录遍历攻击/过滤HTTP出错页面/其他符合该等级的事件） 2）内部横向或内对外攻击失败（漏洞利用攻击/SQL注入攻击/SMB暴力破解/其他符合该等级的事件） 2、病毒木马类 1）如僵尸网络/木马病毒/挖矿病毒/恶意文件/其他符合该等级的事件 | M24: 通告时间：从安全日志分析研判到通告，用时<30min 遏制影响时间：遏制影响时间<4h 准确率：安全事件经过人工确认后，准确率达到99% 闭环率：100% | N24: 抑制-->调查-->处置
C25: 非感染型病毒（例：主机访问黑客工具C2地址） | D25: 一般事件 | E25: 抑制：联动AF封堵外联目的IP/域名、联动EDR隔离主机可疑文件或主机网络权限 调查：联动EDR执行全盘查杀，关联主机流量侧行为日志调查扩散的影响范围 处置：清除主机病毒文件 | J25: 重大威胁 | K25: 攻击者对内网发起的有组织，有预谋的持续性网络攻击（如 APT） | L25: 1、网络攻击类 1）外部攻击失败（如APT攻击/持续性攻击） | M25: 通告时间：从安全日志分析研判到通告，用时<1h 遏制影响时间：遏制影响时间<1h 准确率：安全事件经过人工确认后，准确率达到99% 闭环率：100% | N25: 抑制-->处置
B26: 脆弱性利用 | C26: 漏洞（例：Shiro反序列化漏洞） | D26: 重大事件 | E26: 抑制：联动AF封堵攻击源IP 调查：查明主机是否存在对应利用的漏洞，核实是否存在被利用成功的痕迹 加固：加固漏洞补丁以及安全防护策略 | J26: 一般威胁 | K26: 攻击者对内网发起网络安全攻击，但是对业务未造成任何影响 | L26: 1、网络攻击类 1）外部攻击失败（如网站扫描/端口扫描/webshell上传/SQL注入攻击/其他符合该等级的事件） | M26: 通告时间：从安全日志分析研判到通告，用时<2h 遏制影响时限：遏制影响时间<4h 准确率：安全事件经过人工确认后，准确率达到99% 闭环率：100% | N26: 抑制
C27: 弱密码 | D27: 重大威胁 | E27: 调查：针对互联网用户和管理员账户弱密码登录成功的，实时通告预警，核实是否为用户正常登录,如为用户正常登录则提醒修改强密码，如非用户登录则提醒用户立即修改密码或禁用账户； 加固：立即修改单用户密码，在应用系统层面加强密码规则
B28: 业务连续性 | C28: 基础环境异常：安全组件日志无法同步或同步时延增大 | D28: 一般事件 | E28: 调查：查明组件是否运行正常，安全策略和日志是否有效 处置：针对安全设备存在的问题协调产品售后支持解决
C29: 业务访问中断：网站无法访问、设备接入云端平台离线 | D29: 重大事件 | E29: 调查：查明是否为网络中断或对应系统软件/硬件工作异常，及时通告预警； 处置：排除故障，恢复业务

Sheet 资产表
A1: 序号 | B1: *业务名称 | C1: *IP/URL | D1: *业务等级 | E1: *服务类型 | F1: *资产类型 | G1: 业务责任人 | H1: 业务责任人邮箱 | I1: 业务责任人电话 | J1: Agent ID | K1: 存活状态 | L1: 资产标签 | M1: 服务/端口 | N1: 操作系统 | O1: 数据库 | P1: 中间件 | Q1: 开发语言 | R1: 开发框架 | S1: 应用/服务 | T1: AF可防护 | U1: EDR状态 | V1: 设备产商 | W1: 设备名称 | X1: 域名/URL | Y1: 应用品牌 | Z1: 应用版本 | AA1: 资产管理部门 | AB1: 资产责任人 | AC1: 资产责任人邮箱 | AD1: 资产责任人电话 | AE1: 扫描设备 | AF1: 分支 | AG1: 安全域 | AH1: 公网IP | AI1: 映射端口 | AJ1: 被映射端口
A2: 1 | B2: 资产发现系统默认分组 | C2: 192.168.20.211 | D2: 一般 | E2: 服务外 | F2: 物联网设备 | K2: 在线 | M2: dhanalakshmi(34567) soap(8899) unknown(9530,34561) http(80) rtsp(554) | N2: linux | P2: uc-httpd 1.0.0 | R2: gSOAP 2.7 | W2: NETSurveillance(Xiongmai-Cameras-and-Surveillance)(uc-httpd),DVR | AG2: 内网
A3: 2 | B3: 资产发现系统默认分组 | C3: 192.168.17.248 | D3: 一般 | E3: 服务外 | F3: 服务器 | K3: 在线 | M3: http(9000,5357,8585) pando-pub(7680) mysql(3306) msrpc(49667,49665,49670,135,49675,49664,49666,49669,49668) netbios-ssn(139) ms-wbt-server(4490) microsoft-ds(445) unknown(55064,5040) | N3: windows | O3: MySQL | P3: HttpSvr Microsoft-HTTPAPI 2.0 Apple-HFS | W3: HttpSvr,Microsoft-HTTPAPI,Apple-HFS | AG3: 内网
A4: 3 | B4: 资产发现系统默认分组 | C4: 192.168.100.243 | D4: 一般 | E4: 服务外 | F4: 终端 | K4: 在线 | M4: ssh(22) tcpwrapped(64443) | N4: linux | AG4: 内网
A5: 4 | B5: 资产发现系统默认分组 | C5: 172.20.34.73 | D5: 一般 | E5: 服务外 | F5: 服务器 | K5: 在线 | M5: http(80) ssl(443,4480,23031,23020) ssh(22) iscsi(3260) | N5: linux | P5: Apache httpd | W5: Sangfor-Enterprise Cloud Platform(Apache httpd) | Y5: Sangfor Technologies Inc.(Apache Software Foundation) | AG5: 内网
A6: 5 | B6: 资产发现系统默认分组 | C6: 192.168.21.9 | D6: 一般 | E6: 服务外 | F6: 终端 | K6: 在线 | AG6: 内网
A7: 6 | B7: 资产发现系统默认分组 | C7: 192.168.21.4 | D7: 一般 | E7: 服务外 | F7: 终端 | K7: 在线 | AG7: 内网
A8: 7 | B8: 资产发现系统默认分组 | C8: 192.168.21.6 | D8: 一般 | E8: 服务外 | F8: 终端 | K8: 在线 | AG8: 内网
A9: 8 | B9: 资产发现系统默认分组 | C9: 192.168.21.230 | D9: 一般 | E9: 服务外 | F9: 终端 | K9: 在线 | AG9: 内网
A10: 9 | B10: 资产发现系统默认分组 | C10: 192.168.21.19 | D10: 一般 | E10: 服务外 | F10: 终端 | K10: 在线 | M10: unknown(17561) ms-wbt-server(3389) tcpwrapped(53000) afs3-callback(7001) soap(52000) wap-wsp(9200) | N10: windows | AG10: 内网
A11: 10 | B11: 资产发现系统默认分组 | C11: 192.168.22.238 | D11: 一般 | E11: 服务外 | F11: 物联网设备 | K11: 在线 | M11: http(80) ssl(443) rtsp(554) tcpwrapped(8686) upnp(5000) | N11: linux | T11: 是 | W11: dahua-camera | AA11: 天津 | AF11: 天津 | AG11: 内网
A12: 11 | B12: 资产发现系统默认分组 | C12: 192.168.17.158 | D12: 一般 | E12: 服务外 | F12: 终端 | K12: 在线 | AG12: 内网
A13: 12 | B13: 资产发现系统默认分组 | C13: 192.168.21.13 | D13: 一般 | E13: 服务外 | F13: 物联网设备 | K13: 在线 | M13: tcpwrapped(80) rtsp(554) dhanalakshmi(34567) unknown(9527,9530,34599) telnet(23) soap(8180) | N13: linux | W13: DVR | Y13: 无 | AG13: 内网
A14: 13 | B14: 资产发现系统默认分组 | C14: 192.168.23.220 | D14: 一般 | E14: 服务外 | F14: 物联网设备 | K14: 在线 | N14: linux | P14: eSoft Mongoose | W14: eSoft,Mongoose,mongo,DVR | AG14: 内网
A15: 14 | B15: 武汉极乐汤帝派鞋柜服务器 | C15: 192.168.4.219 | D15: 重要 | E15: 服务内(7*24H) | F15: 服务器 | K15: 在线 | L15: MSS-XDR | M15: ajp13(8009) http(8096) | N15: linux | P15: Apache Jserv | T15: 是 | AA15: 武汉 | AF15: 武汉 | AG15: 内网
A16: 15 | B16: 资产发现系统默认分组 | C16: 192.168.19.253 | D16: 一般 | E16: 服务外 | F16: 终端 | K16: 在线 | M16: targus-getdata(5200) upnp(5000) admd(5100) hacl-hb(5300) | N16: windows | AG16: 内网
A17: 16 | B17: 武汉漏扫工具TSS | C17: 192.168.4.214 | D17: 一般 | E17: 服务外 | F17: 扫描器 | K17: 在线 | M17: ssl(443) java-rmi(1099) http(8082) https(5680) | N17: linux | P17: OpenResty | R17: Bootstrap Table(jQuery) | T17: 是 | W17: OpenResty | Y17: OpenResty Inc. | AA17: 武汉 | AF17: 武汉 | AG17: 内网
A18: 17 | B18: 数据平台-数仓-主库 | C18: 172.16.6.50 | D18: 核心 | E18: 服务内(7*24H) | F18: 服务器 | J18: 1974090767 | K18: 在线 | L18: MSS-XDR | M18: ssh(22) rpcbind(111) oracle-tns(1521) oracle(31931) tcpwrapped(10050) raxa-mgmt(6099) | N18: linux | O18: Oracle | T18: 是 | U18: 在线 | AA18: 上海 | AF18: 上海 | AG18: 外网 | AH18: 122.144.156.35
A19: 18 | B19: 资产发现系统默认分组 | C19: 192.168.19.238 | D19: 一般 | E19: 服务外 | F19: 终端 | K19: 在线 | M19: telnet(23) jamlink(8091) tcpwrapped(554) http(80) | N19: linux | AG19: 内网
A20: 19 | B20: 资产发现系统默认分组 | C20: 192.168.88.67 | D20: 一般 | E20: 服务外 | F20: 物联网设备 | K20: 在线 | M20: onvif(3702) tor-socks(9050) soap(80) http-alt(8000) upnp(5000) login(513) http(8080) telnet(23) tcpwrapped(514,9001,554,21) cslistener(9000) | N20: linux | P20: WAPA-HttpServer | W20: WAPA-HttpServer | Y20: 无 | AG20: 内网
A21: 20 | B21: 资产发现系统默认分组 | C21: 192.168.24.223 | D21: 一般 | E21: 服务外 | F21: 物联网设备 | K21: 在线 | M21: rtsp(554) http(80) ssl(443) tcpwrapped(322) hikvision-nvr(8000) | N21: linux | P21: Webserver | W21: Hikvision-IP CAMERA,hikvision-camera,Hikvision-NVR(Webserver) | AG21: 内网
A22: 21 | B22: 资产发现系统默认分组 | C22: 192.168.88.64 | D22: 一般 | E22: 服务外 | F22: 物联网设备 | K22: 在线 | M22: onvif(3702) tor-socks(9050) soap(80) http-alt(8000) upnp(5000) login(513) http(8080) telnet(23) tcpwrapped(514,9001,554,21) cslistener(9000) | N22: linux | P22: WAPA-HttpServer | W22: WAPA-HttpServer | Y22: 无 | AG22: 内网
A23: 22 | B23: 资产发现系统默认分组 | C23: 192.168.24.19 | D23: 一般 | E23: 服务外 | F23: 物联网设备 | K23: 在线 | M23: http(80) unknown(37777) d-s-n(8086) rtsp(554) | R23: seajs(jQuery) | W23: dahua-camera | AG23: 内网
A24: 23 | B24: 资产发现系统默认分组 | C24: 192.168.19.26 | D24: 一般 | E24: 服务外 | F24: 终端 | K24: 在线 | M24: telnet(23) jamlink(8091) tcpwrapped(554) http(80) | N24: linux | AG24: 内网
A25: 24 | B25: 资产发现系统默认分组 | C25: 192.168.24.15 | D25: 一般 | E25: 服务外 | F25: 物联网设备 | K25: 在线 | M25: http(80) unknown(37777) d-s-n(8086) rtsp(554) | R25: seajs(jQuery) | W25: dahua-camera | AG25: 内网
A26: 25 | B26: 资产发现系统默认分组 | C26: 172.16.1.10 | D26: 一般 | E26: 服务外 | F26: 安全设备 | K26: 在线 | M26: ssl(443,4433,8443) | N26: linux | W26: Sangfor-aTrust | Y26: Sangfor Technologies Inc. | AG26: 内网
A27: 26 | B27: 资产发现系统默认分组 | C27: 192.168.24.218 | D27: 一般 | E27: 服务外 | F27: 物联网设备 | K27: 在线 | M27: http(80) unknown(37777) d-s-n(8086) rtsp(554) | R27: seajs(jQuery) | W27: dahua-camera | AG27: 内网
A28: 27 | B28: 资产发现系统默认分组 | C28: 192.168.24.188 | D28: 一般 | E28: 服务外 | F28: 物联网设备 | K28: 在线 | M28: http(80) unknown(37777) d-s-n(8086) rtsp(554) | R28: seajs(jQuery) | W28: dahua-camera | AG28: 内网
A29: 28 | B29: 资产发现系统默认分组 | C29: 192.168.24.130 | D29: 一般 | E29: 服务外 | F29: 物联网设备 | K29: 在线 | M29: http(80) unknown(37777) d-s-n(8086) rtsp(554) | R29: seajs(jQuery) | W29: dahua-camera | AG29: 内网
A30: 29 | B30: 资产发现系统默认分组 | C30: 192.168.24.207 | D30: 一般 | E30: 服务外 | F30: 物联网设备 | K30: 在线 | M30: http(80) unknown(37777) d-s-n(8086) rtsp(554) | R30: seajs(jQuery) | W30: dahua-camera | AG30: 内网
A31: 30 | B31: 资产发现系统默认分组 | C31: 192.168.19.162 | D31: 一般 | E31: 服务外 | F31: 物联网设备 | K31: 在线 | M31: http(80) hikvision-nvr(8000) rtsp(554) | N31: linux | P31: Webserver | W31: Hikvision-NVR(Webserver)(hikvision-camera),Hikvision-IP CAMERA | AG31: 内网
A32: 31 | B32: 资产发现系统默认分组 | C32: 172.16.1.21 | D32: 一般 | E32: 服务外 | F32: 网络设备 | K32: 在线 | M32: ssh(22) telnet(23) http(80) | N32: linux | P32: Apache httpd(Switch) | W32: Apache httpd(Switch)(Brocade-Switch) | AG32: 内网
A33: 32 | B33: 资产发现系统默认分组 | C33: 192.168.19.127 | D33: 一般 | E33: 服务外 | F33: 终端 | K33: 在线 | M33: telnet(23) jamlink(8091) tcpwrapped(554) http(80) | N33: linux | AG33: 内网
A34: 33 | B34: 资产发现系统默认分组 | C34: 192.168.19.213 | D34: 一般 | E34: 服务外 | F34: 终端 | K34: 在线 | M34: telnet(23) jamlink(8091) tcpwrapped(554) http(80) | N34: linux | AG34: 内网
A35: 34 | B35: 资产发现系统默认分组 | C35: 192.168.23.97 | D35: 一般 | E35: 服务外 | F35: 物联网设备 | K35: 在线 | M35: http(80) unknown(37777) d-s-n(8086) rtsp(554) | R35: seajs(jQuery) | W35: dahua-camera | AG35: 内网
A36: 35 | B36: 资产发现系统默认分组 | C36: 192.168.23.26 | D36: 一般 | E36: 服务外 | F36: 物联网设备 | K36: 在线 | M36: http(80) unknown(37777) d-s-n(8086) rtsp(554) | R36: seajs(jQuery) | W36: dahua-camera | AG36: 内网
A37: 36 | B37: 资产发现系统默认分组 | C37: 192.168.23.28 | D37: 一般 | E37: 服务外 | F37: 物联网设备 | K37: 在线 | M37: http(80) unknown(37777) d-s-n(8086) rtsp(554) | R37: seajs(jQuery) | W37: dahua-camera | AG37: 内网
A38: 37 | B38: 资产发现系统默认分组 | C38: 192.168.23.116 | D38: 一般 | E38: 服务外 | F38: 物联网设备 | K38: 在线 | M38: http(80) unknown(37777) d-s-n(8086) rtsp(554) | R38: seajs(jQuery) | W38: dahua-camera | AG38: 内网
A39: 38 | B39: 资产发现系统默认分组 | C39: 192.168.23.114 | D39: 一般 | E39: 服务外 | F39: 物联网设备 | K39: 在线 | M39: http(80) unknown(37777) d-s-n(8086) rtsp(554) | R39: seajs(jQuery) | W39: dahua-camera | AG39: 内网
A40: 39 | B40: 主数据库服务器（超融合机器） | C40: 192.168.9.100 | D40: 核心 | E40: 服务内(7*24H) | F40: 服务器 | J40: 836640792 | K40: 在线 | L40: MSS-XDR | M40: tcpwrapped(49456,31155,1521,10050,111,22) | T40: 是 | U40: 在线 | AA40: 成都 | AF40: 成都 | AG40: 内网
A41: 40 | B41: 资产发现系统默认分组 | C41: 192.168.23.42 | D41: 一般 | E41: 服务外 | F41: 物联网设备 | K41: 在线 | M41: http(80) unknown(37777) d-s-n(8086) rtsp(554) | R41: seajs(jQuery) | W41: dahua-camera | AG41: 内网
A42: 41 | B42: 资产发现系统默认分组 | C42: 192.168.23.63 | D42: 一般 | E42: 服务外 | F42: 物联网设备 | K42: 在线 | M42: http(80) unknown(37777) d-s-n(8086) rtsp(554) | R42: seajs(jQuery) | W42: dahua-camera | AG42: 内网
A43: 42 | B43: 武汉闸机 | C43: 192.168.4.107 | D43: 一般 | E43: 服务外 | F43: 物联网设备 | K43: 在线 | M43: http(80) ssh(22) | N43: linux | P43: Boa 0.94.13 | T43: 是 | W43: Boa | Y43: Boa | AA43: 武汉 | AF43: 武汉 | AG43: 内网
A44: 43 | B44: 资产发现系统默认分组 | C44: 192.168.22.79 | D44: 一般 | E44: 服务外 | F44: 物联网设备 | K44: 在线 | M44: http(80) ssl(443) hikvision-nvr(8000) rtsp(554) | N44: linux | P44: Webserver | W44: Hikvision-IP CAMERA,hikvision-camera,Hikvision-NVR(Webserver) | AG44: 内网
A45: 44 | B45: 资产发现系统默认分组 | C45: 192.168.21.125 | D45: 一般 | E45: 服务外 | F45: 物联网设备 | K45: 在线 | M45: http(80) unknown(37777) rtsp(554) | N45: linux | R45: seajs(layer.js)(jQuery) | W45: dahua-camera | AG45: 内网
A46: 45 | B46: 资产发现系统默认分组 | C46: 192.168.23.115 | D46: 一般 | E46: 服务外 | F46: 物联网设备 | K46: 在线 | M46: http(80) unknown(37777) d-s-n(8086) rtsp(554) | R46: seajs(jQuery) | W46: dahua-camera | AG46: 内网
A47: 46 | B47: 资产发现系统默认分组 | C47: 192.168.23.77 | D47: 一般 | E47: 服务外 | F47: 物联网设备 | K47: 在线 | M47: http(80) unknown(37777) d-s-n(8086) rtsp(554) | R47: seajs(jQuery) | W47: dahua-camera | AG47: 内网
A48: 47 | B48: 资产发现系统默认分组 | C48: 192.168.21.25 | D48: 一般 | E48: 服务外 | F48: 物联网设备 | K48: 在线 | M48: http(80) unknown(37777) tcpwrapped(8686) rtsp(554) | N48: linux | R48: Chart.js(seajs)(jQuery) | W48: dahua-camera | AG48: 内网
A49: 48 | B49: 资产发现系统默认分组 | C49: 192.168.21.41 | D49: 一般 | E49: 服务外 | F49: 物联网设备 | K49: 在线 | M49: unknown(9527,34561,34599) soap(8899) rtsp(554) dhanalakshmi(34567) http(80) telnet(23) | N49: linux | R49: gSOAP 2.7 | AG49: 内网
A50: 49 | B50: 资产发现系统默认分组 | C50: 192.168.21.81 | D50: 一般 | E50: 服务外 | F50: 物联网设备 | K50: 在线 | M50: dsf(555) jamlink(8091) unknown(10016) ppp(3000) http(80,554) | N50: linux | R50: gSOAP 2.8 | AG50: 内网
A51: 50 | B51: 资产发现系统默认分组 | C51: 192.168.21.191 | D51: 一般 | E51: 服务外 | F51: 终端 | K51: 在线 | M51: telnet(23) jamlink(8091) tcpwrapped(554) http(80) | N51: linux | AG51: 内网
A52: 51 | B52: 资产发现系统默认分组 | C52: 192.168.20.225 | D52: 一般 | E52: 服务外 | F52: 物联网设备 | K52: 在线 | M52: http(80) unknown(37777) rtsp(554) | N52: linux | R52: seajs(layer.js)(jQuery) | W52: dahua-camera | AG52: 内网
A53: 52 | B53: 武汉闸机 | C53: 192.168.4.109 | D53: 一般 | E53: 服务外 | F53: 物联网设备 | K53: 在线 | T53: 是 | AA53: 武汉 | AF53: 武汉 | AG53: 内网
A54: 53 | B54: winpos服务器-1 | C54: 192.168.1.103 | D54: 核心 | E54: 服务内(7*24H) | F54: 服务器 | J54: 1974746515 | K54: 在线 | L54: MSS-XDR | M54: ms-wbt-server(3389) netbios-ssn(139) ftp(10083) http(80,81,10082) 914c-g(211) msmq(1801) msrpc(2105,2103,2107,135) microsoft-ds(445) tcpwrapped(21) | N54: windows | P54: Microsoft IIS httpd | T54: 是 | U54: 在线 | W54: Microsoft IIS httpd | Y54: Microsoft Corporation | AA54: 青岛 | AF54: 青岛 | AG54: 内网
A55: 54 | B55: 资产发现系统默认分组 | C55: 192.168.100.183 | D55: 一般 | E55: 服务外 | F55: 终端 | K55: 在线 | M55: telnet(23) tcpwrapped(64443) | N55: linux | AG55: 内网
A56: 55 | B56: 资产发现系统默认分组 | C56: 192.168.7.159 | D56: 一般 | E56: 服务外 | F56: 物联网设备 | K56: 在线 | M56: http(80) unknown(37777) d-s-n(8086) rtsp(554) | N56: linux | R56: seajs(jQuery) | W56: dahua-camera | AG56: 内网
A57: 56 | B57: 资产发现系统默认分组 | C57: 192.168.7.113 | D57: 一般 | E57: 服务外 | F57: 物联网设备 | K57: 在线 | M57: http(80) unknown(37777) d-s-n(8086) rtsp(554) | R57: seajs(jQuery) | W57: dahua-camera | AG57: 内网
A58: 57 | B58: 资产发现系统默认分组 | C58: 192.168.7.209 | D58: 一般 | E58: 服务外 | F58: 物联网设备 | K58: 在线 | M58: http(80) unknown(37777) d-s-n(8086) rtsp(554) | R58: seajs(jQuery) | W58: dahua-camera | AG58: 内网
A59: 58 | B59: 资产发现系统默认分组 | C59: 192.168.7.179 | D59: 一般 | E59: 服务外 | F59: 物联网设备 | K59: 在线 | M59: http(80) unknown(37777) d-s-n(8086) rtsp(554) | N59: linux | R59: seajs(jQuery) | W59: dahua-camera | AG59: 内网
A60: 59 | B60: 资产发现系统默认分组 | C60: 192.168.7.137 | D60: 一般 | E60: 服务外 | F60: 物联网设备 | K60: 在线 | M60: http(80) unknown(37777) d-s-n(8086) rtsp(554) | R60: seajs(jQuery) | W60: dahua-camera | AG60: 内网
A61: 60 | B61: 武汉数据库异地备份服务器 | C61: 192.168.4.216 | D61: 重要 | E61: 服务内(7*24H) | F61: 服务器 | J61: 1454675064 | K61: 在线 | L61: MSS-XDR | T61: 是 | U61: 在线 | AA61: 武汉 | AF61: 武汉 | AG61: 内网
A62: 61 | B62: 资产发现系统默认分组 | C62: 192.168.7.116 | D62: 一般 | E62: 服务外 | F62: 物联网设备 | K62: 在线 | M62: http(80) unknown(37777) d-s-n(8086) rtsp(554) | R62: seajs(jQuery) | W62: dahua-camera | AG62: 内网
A63: 62 | B63: 资产发现系统默认分组 | C63: 192.168.7.167 | D63: 一般 | E63: 服务外 | F63: 物联网设备 | K63: 在线 | M63: http(80) unknown(37777) d-s-n(8086) rtsp(554) | N63: linux | R63: seajs(jQuery) | W63: dahua-camera | AG63: 内网
A64: 63 | B64: 资产发现系统默认分组 | C64: 192.168.7.127 | D64: 一般 | E64: 服务外 | F64: 物联网设备 | K64: 在线 | M64: http(80) unknown(37777) d-s-n(8086) rtsp(554) | R64: seajs(jQuery) | W64: dahua-camera | AG64: 内网
A65: 64 | B65: 天津数据库集群vip | C65: 192.168.22.51 | D65: 重要 | E65: 服务内(7*24H) | F65: 服务器 | J65: 2703914446 | K65: 在线 | L65: MSS-XDR | M65: oracle-tns(1521,19365) rpcbind(111) ssh(22) tcpwrapped(10050) status(45265) raxa-mgmt(6099) | N65: linux | O65: Oracle | T65: 是 | U65: 在线 | AA65: 天津 | AF65: 天津 | AG65: 内网
A66: 65 | B66: 资产发现系统默认分组 | C66: 192.168.7.21 | D66: 一般 | E66: 服务外 | F66: 物联网设备 | K66: 在线 | M66: http(80) unknown(37777) d-s-n(8086) rtsp(554) | R66: seajs(jQuery) | W66: dahua-camera | AG66: 内网
A67: 66 | B67: 资产发现系统默认分组 | C67: 192.168.7.146 | D67: 一般 | E67: 服务外 | F67: 物联网设备 | K67: 在线 | M67: http(80) unknown(37777) d-s-n(8086) rtsp(554) | R67: seajs(jQuery) | W67: dahua-camera | AG67: 内网
A68: 67 | B68: 资产发现系统默认分组 | C68: 192.168.7.155 | D68: 一般 | E68: 服务外 | F68: 物联网设备 | K68: 在线 | M68: unknown(37777) upnp(5000) http(80) radan-http(8088) rtmp(1935) rtsp(554) | N68: linux | R68: seajs(jQuery) | W68: dahua-camera | AG68: 内网
A69: 68 | B69: 资产发现系统默认分组 | C69: 192.168.8.62 | D69: 一般 | E69: 服务外 | F69: 物联网设备 | K69: 在线 | M69: http(80) unknown(37777) d-s-n(8086) rtsp(554) | N69: linux | R69: seajs(jQuery) | W69: dahua-camera | AG69: 内网
A70: 69 | B70: 资产发现系统默认分组 | C70: 192.168.8.14 | D70: 一般 | E70: 服务外 | F70: 物联网设备 | K70: 在线 | M70: http(80) unknown(37777) d-s-n(8086) rtsp(554) | R70: seajs(jQuery) | W70: dahua-camera | AG70: 内网
A71: 70 | B71: 资产发现系统默认分组 | C71: 192.168.7.67 | D71: 一般 | E71: 服务外 | F71: 物联网设备 | K71: 在线 | M71: http(80) unknown(37777) d-s-n(8086) rtsp(554) | N71: linux | R71: seajs(jQuery) | W71: dahua-camera | AG71: 内网
A72: 71 | B72: 资产发现系统默认分组 | C72: 192.168.8.178 | D72: 一般 | E72: 服务外 | F72: 物联网设备 | K72: 在线 | M72: radan-http(8088) unknown(37777) http(80) rtsp(554) | N72: linux | W72: dahua-camera | AG72: 内网
A73: 72 | B73: 资产发现系统默认分组 | C73: 192.168.7.98 | D73: 一般 | E73: 服务外 | F73: 物联网设备 | K73: 在线 | M73: http(80) unknown(37777) d-s-n(8086) rtsp(554) | R73: seajs(jQuery) | W73: dahua-camera | AG73: 内网
A74: 73 | B74: 资产发现系统默认分组 | C74: 192.168.8.183 | D74: 一般 | E74: 服务外 | F74: 物联网设备 | K74: 在线 | M74: http(80) unknown(37777) d-s-n(8086) rtsp(554) | R74: seajs(jQuery) | W74: dahua-camera | AG74: 内网
A75: 74 | B75: 资产发现系统默认分组 | C75: 192.168.8.128 | D75: 一般 | E75: 服务外 | F75: 物联网设备 | K75: 在线 | M75: http(80) unknown(37777) d-s-n(8086) rtsp(554) | R75: seajs(jQuery) | W75: dahua-camera | AG75: 内网
A76: 75 | B76: 青岛数据库测试服务器 | C76: 192.168.1.191 | D76: 重要 | E76: 服务内(7*24H) | F76: 服务器 | K76: 在线 | L76: MSS-XDR | M76: ssh(22) rpcbind(111) | N76: linux | T76: 是 | AA76: 青岛 | AF76: 青岛 | AG76: 内网
A77: 76 | B77: 资产发现系统默认分组 | C77: 192.168.7.90 | D77: 一般 | E77: 服务外 | F77: 物联网设备 | K77: 在线 | M77: http(80) unknown(37777) rtsp(554) | N77: linux | R77: layer.js(seajs)(jQuery) | W77: dahua-camera | AG77: 内网
A78: 77 | B78: 资产发现系统默认分组 | C78: 192.168.8.174 | D78: 一般 | E78: 服务外 | F78: 物联网设备 | K78: 在线 | M78: http(80) unknown(37777) d-s-n(8086) rtsp(554) | R78: seajs(jQuery) | W78: dahua-camera | AG78: 内网
A79: 78 | B79: 资产发现系统默认分组 | C79: 192.168.8.156 | D79: 一般 | E79: 服务外 | F79: 物联网设备 | K79: 在线 | M79: http(80) unknown(37777) d-s-n(8086) rtsp(554) | N79: linux | R79: seajs(jQuery) | W79: dahua-camera | AG79: 内网
A80: 79 | B80: 资产发现系统默认分组 | C80: 192.168.7.79 | D80: 一般 | E80: 服务外 | F80: 物联网设备 | K80: 在线 | M80: http(80) unknown(37777) d-s-n(8086) rtsp(554) | R80: seajs(jQuery) | W80: dahua-camera | AG80: 内网
A81: 80 | B81: 青岛超融合物理服务器地址 | C81: 192.168.1.175 | D81: 重要 | E81: 服务内(7*24H) | F81: 服务器 | K81: 在线 | L81: MSS-XDR | M81: mysql(3306) ftp(21) | N81: other | O81: MySQL | T81: 是 | AA81: 青岛 | AF81: 青岛 | AG81: 内网
A82: 81 | B82: zabbix代理服务器-上海 | C82: 172.16.5.32 | D82: 核心 | E82: 服务内(7*24H) | F82: 服务器 | J82: 4144633886 | K82: 在线 | L82: MSS-XDR | M82: ssl(10051) rpcbind(111) mysql(3306) ssh(22) mysqlx(33060) | N82: linux | O82: MySQL MySQL X protocol listener | T82: 是 | U82: 在线 | AA82: 上海 | AF82: 上海 | AG82: 内网
A83: 82 | B83: 资产发现系统默认分组 | C83: 192.168.8.81 | D83: 一般 | E83: 服务外 | F83: 物联网设备 | K83: 在线 | M83: http(80) unknown(37777) d-s-n(8086) rtsp(554) | R83: seajs(jQuery) | W83: dahua-camera | AG83: 内网
A84: 83 | B84: 资产发现系统默认分组 | C84: 192.168.8.106 | D84: 一般 | E84: 服务外 | F84: 物联网设备 | K84: 在线 | M84: http(80) unknown(37777) d-s-n(8086) rtsp(554) | R84: seajs(jQuery) | W84: dahua-camera | AG84: 内网
A85: 84 | B85: 资产发现系统默认分组 | C85: 192.168.8.63 | D85: 一般 | E85: 服务外 | F85: 物联网设备 | K85: 在线 | M85: http(80) unknown(37777) d-s-n(8086) rtsp(554) | R85: seajs(jQuery) | W85: dahua-camera | AG85: 内网
A86: 85 | B86: 资产发现系统默认分组 | C86: 192.168.7.219 | D86: 一般 | E86: 服务外 | F86: 物联网设备 | K86: 在线 | M86: http(80) unknown(37777) d-s-n(8086) rtsp(554) | R86: seajs(jQuery) | W86: dahua-camera | AG86: 内网
A87: 86 | B87: 资产发现系统默认分组 | C87: 192.168.8.55 | D87: 一般 | E87: 服务外 | F87: 物联网设备 | K87: 在线 | M87: http(80) unknown(37777) d-s-n(8086) rtsp(554) | R87: seajs(jQuery) | W87: dahua-camera | AG87: 内网
A88: 87 | B88: 资产发现系统默认分组 | C88: 192.168.7.82 | D88: 一般 | E88: 服务外 | F88: 物联网设备 | K88: 在线 | M88: http(80) unknown(37777) d-s-n(8086) rtsp(554) | R88: seajs(jQuery) | W88: dahua-camera | AG88: 内网
A89: 88 | B89: 资产发现系统默认分组 | C89: 192.168.2.64 | D89: 一般 | E89: 服务外 | F89: 终端 | K89: 在线 | AG89: 内网
A90: 89 | B90: 资产发现系统默认分组 | C90: 192.168.7.93 | D90: 一般 | E90: 服务外 | F90: 物联网设备 | K90: 在线 | M90: http(80) unknown(37777) rtsp(554) | N90: linux | R90: layer.js(seajs)(jQuery) | W90: dahua-camera | AG90: 内网
A91: 90 | B91: 资产发现系统默认分组 | C91: 192.168.24.242 | D91: 一般 | E91: 服务外 | F91: 物联网设备 | K91: 在线 | M91: http(80) unknown(37777) d-s-n(8086) rtsp(554) | R91: seajs(jQuery) | W91: dahua-camera | AG91: 内网
A92: 91 | B92: 资产发现系统默认分组 | C92: 192.168.24.83 | D92: 一般 | E92: 服务外 | F92: 物联网设备 | K92: 在线 | M92: http(80) unknown(37777) d-s-n(8086) rtsp(554) | R92: seajs(jQuery) | W92: dahua-camera | AG92: 内网
A93: 92 | B93: 青岛备份一体机-业务网络 | C93: 192.168.1.9 | D93: 重要 | E93: 服务内(7*24H) | F93: 服务器 | K93: 在线 | L93: MSS-XDR | M93: d-data-control(4302) mysql(3306) ssh(22) ds-srvr(4401) http(8180,4388,8080) epmd(4369) redis(6379) eforward(2181) rpcbind(2049,111) | N93: linux | O93: Redis MySQL | P93: Jetty 9.4.43.v20210629 | T93: 是 | W93: Jetty | AA93: 青岛 | AF93: 青岛 | AG93: 内网
A94: 93 | B94: 资产发现系统默认分组 | C94: 192.168.13.176 | D94: 一般 | E94: 服务外 | F94: 终端 | K94: 在线 | AG94: 内网
A95: 94 | B95: 资产发现系统默认分组 | C95: 192.168.8.23 | D95: 一般 | E95: 服务外 | F95: 物联网设备 | K95: 在线 | M95: http(80) unknown(37777) upnp(5000) rtmp(1935) rtsp(554) | N95: linux | R95: seajs(jQuery) | W95: dahua-camera | AG95: 内网
A96: 95 | B96: 资产发现系统默认分组 | C96: 192.168.24.247 | D96: 一般 | E96: 服务外 | F96: 物联网设备 | K96: 在线 | M96: http(80) unknown(37777) d-s-n(8086) rtsp(554) | R96: seajs(jQuery) | W96: dahua-camera | AG96: 内网
A97: 96 | B97: 资产发现系统默认分组 | C97: 192.168.19.88 | D97: 一般 | E97: 服务外 | F97: 物联网设备 | K97: 在线 | M97: dhanalakshmi(34567) soap(8899) unknown(9530,34561) tcpwrapped(80) rtsp(554) | N97: linux | R97: gSOAP 2.7 | W97: DVR | Y97: 无 | AG97: 内网
A98: 97 | B98: 资产发现系统默认分组 | C98: 192.168.8.1 | D98: 一般 | E98: 服务外 | F98: 终端 | K98: 在线 | M98: http(80) ssl(443) telnet(23) | N98: linux | AG98: 内网
A99: 98 | B99: 资产发现系统默认分组 | C99: 192.168.100.163 | D99: 一般 | E99: 服务外 | F99: 终端 | K99: 在线 | M99: http(80) ssl(443) telnet(23) | N99: linux | AG99: 内网
A100: 99 | B100: 资产发现系统默认分组 | C100: 192.168.100.160 | D100: 一般 | E100: 服务外 | F100: 终端 | K100: 在线 | M100: http(80) ssl(443) telnet(23) | N100: linux | AG100: 内网
...

Sheet 暴露面
A1: 服务内容 | B1: 资产类型 | C1: 类型 | D1: 子类型 | E1: 总数 | F1: 影子资产数
A2: 互联网暴露面 | B2: 基础资产 | C2: 域名资产 | D2: 根域名资产 | E2: 1 | F2: 0
D3: 子域名资产 | E3: 7 | F3: 0
C4: IP资产 | D4: IP资产 | E4: 3 | F4: 2
C5: 端口资产 | D5: 端口资产 | E5: 27 | F5: 26
C6: WEB资产 | D6: WEB资产 | E6: 20 | F6: 19
C7: 非WEB资产 | D7: 非WEB资产 | E7: 7 | F7: 7
C8: 网络&安全设备 | D8: 网络&安全设备 | E8: 4 | F8: 4
C9: 云类资产 | D9: 云类资产 | E9: 0 | F9: 0
C10: SSL证书 | D10: SSL证书 | E10: 27 | F10: /
B11: 移动端资产 | C11: APP | D11: APP | E11: 0 | F11: /
C12: 公众号 | D12: 公众号 | E12: 0 | F12: /
C13: 小程序 | D13: 小程序 | E13: 0 | F13: /

Sheet 资产漏洞表
A1: 序号 | B1: 漏洞名称 | C1: 扫描方式 | D1: 漏洞类型 | E1: 漏洞等级 | F1: 是否可利用 | G1: 防护规则 | H1: 业务系统 | I1: 负责人 | J1: 受影响主机/位置 | K1: IP | L1: 端口 | M1: 版本号 | N1: 内/外网 | O1: 修复优先级 | P1: 跟进状态 | Q1: 备注信息 | R1: 来源 | S1: 发现时间 （填充此单元格为粉红色代表是最近扫描新增漏洞） | T1: 更新时间 | U1: 漏洞危害 | V1: 解决方案 | W1: 参考资料
A2: 1 | B2: SSH Diffie-Hellman 模数 <= 1024 位 (Logjam)(CVE-2015-4000) | C2: 版本比较 | D2: 系统漏洞 | E2: 低危 | F2: 否 | G2: 无效 | H2: 数据库服务器1（超融合机器） | I2: 未知责任人 | J2: 192.168.9.20 | K2: 192.168.9.20 | L2: 22 | M2: - | N2: =_xlfn.XLOOKUP(K2,资产表!C:C,资产表!AG:AG,“”) -> 内网 | O2: 建议修复 | P2: 处置中 | Q2: - | R2: TSS | S2: 45513.004 | T2: 46004.018 | U2: 这允许攻击者恢复明文或可能违反连接的完整性。 | V2: 重新配置服务以使用唯一的、2048 位或更高位数的 Diffie-Hellman moduli。 | W2: https://weakdh.org/ https://stribika.github.io/2015/01/04/secure-secure-shell.html https://www.cnnvd.org.cn/home/globalSearch?keyword=CNNVD-201505-428 http://www.securityfocus.com/bid/74733 http://www.securityfocus.com/bid/91787
A3: 2 | B3: SSH Diffie-Hellman 模数 <= 1024 位 (Logjam)(CVE-2015-4000) | C3: 版本比较 | D3: 系统漏洞 | E3: 低危 | F3: 否 | G3: 无效 | H3: zabbix代理服务器-成都 | I3: 未知责任人 | J3: 192.168.9.220 | K3: 192.168.9.220 | L3: 22 | M3: - | N3: =_xlfn.XLOOKUP(K3,资产表!C:C,资产表!AG:AG,“”) -> 内网 | O3: 建议修复 | P3: 处置中 | Q3: - | R3: TSS | S3: 45513.004 | T3: 46004.019 | U3: 这允许攻击者恢复明文或可能违反连接的完整性。 | V3: 重新配置服务以使用唯一的、2048 位或更高位数的 Diffie-Hellman moduli。 | W3: https://weakdh.org/ https://stribika.github.io/2015/01/04/secure-secure-shell.html https://www.cnnvd.org.cn/home/globalSearch?keyword=CNNVD-201505-428 http://www.securityfocus.com/bid/74733 http://www.securityfocus.com/bid/91787
A4: 3 | B4: 支持SSL 64位块大小的密码套件（SWEET32） | C4: 原理扫描 | D4: 系统漏洞 | E4: 高危 | F4: 否 | G4: 无效 | H4: 深大中间层-商餐服务器 | I4: 未知责任人 | J4: 172.20.34.80 | K4: 172.20.34.80 | L4: 3389 | M4: - | N4: =_xlfn.XLOOKUP(K4,资产表!C:C,资产表!AG:AG,“”) -> 外网 | O4: 尽快修复 | P4: 处置中 | Q4: - | R4: TSS | S4: 45513.005 | T4: 46004.019 | U4: 具有足够资源的中间人攻击者可利用此漏洞,通过“birthday”攻击检测会在固定密码与已知纯文本之间泄露 XOR 的冲突,进而泄露密码文本（例如安全 HTTPS Cookie）,并可能导致劫持经认证的会话。 | V4: 参见《支持SSL 64位块大小的密码套件（SWEET32）-修复方案》 | W4: https://blog.csdn.net/weixin_46167705/article/details/123374139
A5: 4 | B5: 支持SSL 64位块大小的密码套件（SWEET32） | C5: 原理扫描 | D5: 系统漏洞 | E5: 高危 | F5: 否 | G5: 无效 | H5: 深大中间层-闸机服务器 | I5: 未知责任人 | J5: 172.20.34.78 | K5: 172.20.34.78 | L5: 3389 | M5: - | N5: =_xlfn.XLOOKUP(K5,资产表!C:C,资产表!AG:AG,“”) -> 外网 | O5: 尽快修复 | P5: 处置中 | Q5: - | R5: TSS | S5: 45513.005 | T5: 46004.018 | U5: 具有足够资源的中间人攻击者可利用此漏洞,通过“birthday”攻击检测会在固定密码与已知纯文本之间泄露 XOR 的冲突,进而泄露密码文本（例如安全 HTTPS Cookie）,并可能导致劫持经认证的会话。 | V5: 参见《支持SSL 64位块大小的密码套件（SWEET32）-修复方案》 | W5: https://blog.csdn.net/weixin_46167705/article/details/123374139
A6: 5 | B6: 终端服务未使用网络级别身份验证（NLA） | C6: 原理扫描 | D6: 系统漏洞 | E6: 中危 | F6: 否 | G6: 无效 | H6: 深大中间层-商餐服务器 | I6: 未知责任人 | J6: 172.20.34.80 | K6: 172.20.34.80 | L6: 3389 | M6: - | N6: =_xlfn.XLOOKUP(K6,资产表!C:C,资产表!AG:AG,“”) -> 外网 | O6: 建议修复 | P6: 处置中 | Q6: - | R6: TSS | S6: 45513.005 | T6: 46004.019 | U6: 未使用该认证的远程主机受攻击的风险等级高。 | V6: 参见《终端服务未使用网络级别身份验证（NLA）-修复方案》 | W6: https://blog.csdn.net/spring_is_coming/article/details/124982320
A7: 6 | B7: 终端服务未使用网络级别身份验证（NLA） | C7: 原理扫描 | D7: 系统漏洞 | E7: 中危 | F7: 否 | G7: 无效 | H7: 深大中间层-票务服务器 | I7: 未知责任人 | J7: 172.20.34.70 | K7: 172.20.34.70 | L7: 3389 | M7: - | N7: =_xlfn.XLOOKUP(K7,资产表!C:C,资产表!AG:AG,“”) -> 外网 | O7: 建议修复 | P7: 处置中 | Q7: - | R7: TSS | S7: 45513.005 | T7: 46004.019 | U7: 未使用该认证的远程主机受攻击的风险等级高。 | V7: 参见《终端服务未使用网络级别身份验证（NLA）-修复方案》 | W7: https://blog.csdn.net/spring_is_coming/article/details/124982320
A8: 7 | B8: SSL RC4 加密套件支持检测 (Bar Mitzvah) | C8: 原理扫描 | D8: 系统漏洞 | E8: 中危 | F8: 否 | G8: 无效 | H8: 深大中间层-闸机服务器 | I8: 未知责任人 | J8: 172.20.34.78 | K8: 172.20.34.78 | L8: 3389 | M8: - | N8: =_xlfn.XLOOKUP(K8,资产表!C:C,资产表!AG:AG,“”) -> 外网 | O8: 建议修复 | P8: 处置中 | Q8: - | R8: TSS | S8: 45513.005 | T8: 46004.018 | U8: 攻击者可利用大量的密文推测明文，导致远程主机信息泄露。 | V8: 参见《SSL RC4 加密套件支持检测 (Bar Mitzvah)-修复方案》 | W8: https://www.imperva.com/docs/HII_Attacking_SSL_when_using_RC4.pdf https://blog.csdn.net/m0_54434140/article/details/126536929
A9: 8 | B9: 终端服务未使用网络级别身份验证（NLA） | C9: 原理扫描 | D9: 系统漏洞 | E9: 中危 | F9: 否 | G9: 无效 | H9: 深大中间层-闸机服务器 | I9: 未知责任人 | J9: 172.20.34.78 | K9: 172.20.34.78 | L9: 3389 | M9: - | N9: =_xlfn.XLOOKUP(K9,资产表!C:C,资产表!AG:AG,“”) -> 外网 | O9: 建议修复 | P9: 处置中 | Q9: - | R9: TSS | S9: 45513.006 | T9: 46004.018 | U9: 未使用该认证的远程主机受攻击的风险等级高。 | V9: 参见《终端服务未使用网络级别身份验证（NLA）-修复方案》 | W9: https://blog.csdn.net/spring_is_coming/article/details/124982320
A10: 9 | B10: SSH Diffie-Hellman 模数 <= 1024 位 (Logjam)(CVE-2015-4000) | C10: 版本比较 | D10: 系统漏洞 | E10: 低危 | F10: 否 | G10: 无效 | H10: 主数据库服务器（超融合机器） | I10: 未知责任人 | J10: 192.168.9.100 | K10: 192.168.9.100 | L10: 22 | M10: - | N10: =_xlfn.XLOOKUP(K10,资产表!C:C,资产表!AG:AG,“”) -> 内网 | O10: 建议修复 | P10: 处置中 | Q10: - | R10: TSS | S10: 45513.004 | T10: 46004.017 | U10: 这允许攻击者恢复明文或可能违反连接的完整性。 | V10: 重新配置服务以使用唯一的、2048 位或更高位数的 Diffie-Hellman moduli。 | W10: https://weakdh.org/ https://stribika.github.io/2015/01/04/secure-secure-shell.html https://www.cnnvd.org.cn/home/globalSearch?keyword=CNNVD-201505-428 http://www.securityfocus.com/bid/74733 http://www.securityfocus.com/bid/91787
A11: 10 | B11: Apache Tomcat 6.x < 6.0.35 多个漏洞 | C11: 版本比较 | D11: 系统漏洞 | E11: 中危 | F11: 否 | G11: 无效 | H11: 深大中间层-票务服务器 | I11: 未知责任人 | J11: 172.20.34.70 | K11: 172.20.34.70 | L11: 8030 | M11: - | N11: =_xlfn.XLOOKUP(K11,资产表!C:C,资产表!AG:AG,“”) -> 外网 | O11: 建议修复 | P11: 处置中 | Q11: - | R11: TSS | S11: 45513.005 | T11: 46004.019 | U11: 成功利用可能会导致敏感信息泄露或者拒绝服务的情况 | V11: 升级到 Apache Tomcat 6.0.35 或更高版本。 | W11: http://svn.apache.org/viewvc?view=revision&revision=1162959 https://bz.apache.org/bugzilla/show_bug.cgi?id=51698#c2 http://www.nruns.com/_downloads/advisory28122011.pdf http://tomcat.apache.org/security-6.html#Fixed_in_Apache_Tomcat_6.0.35 https://www.cnnvd.org.cn/home/globalSearch?keyword=CNNVD-201201-056,CNNVD-201201-195,CNNVD-201201-207,CNNVD-201108-510,CNNVD-201112-503 https://www.cnnvd.org.cn/home/globalSearch?keyword=CNNVD-201201-056,CNNVD-201201-195,CNNVD-201201-207,CNNVD-201108-510,CNNVD-201112-503 https://www.cnnvd.org.cn/home/globalSearch?keyword=CNNVD-201201-056,CNNVD-201201-195,CNNVD-201201-207,CNNVD-201108-510,CNNVD-201112-503 https://www.cnnvd.org.cn/home/globalSearch?keyword=CNNVD-201201-056,CNNVD-201201-195,CNNVD-201201-207,CNNVD-201108-510,CNNVD-201112-503 https://www.cnnvd.org.cn/home/globalSearch?keyword=CNNVD-201201-056,CNNVD-201201-195,CNNVD-201201-207,CNNVD-201108-510,CNNVD-201112-503
A12: 11 | B12: SSL RC4 加密套件支持检测 (Bar Mitzvah) | C12: 原理扫描 | D12: 系统漏洞 | E12: 中危 | F12: 否 | G12: 无效 | H12: 深大中间层-商餐服务器 | I12: 未知责任人 | J12: 172.20.34.80 | K12: 172.20.34.80 | L12: 3389 | M12: - | N12: =_xlfn.XLOOKUP(K12,资产表!C:C,资产表!AG:AG,“”) -> 外网 | O12: 建议修复 | P12: 处置中 | Q12: - | R12: TSS | S12: 45513.005 | T12: 46004.019 | U12: 攻击者可利用大量的密文推测明文，导致远程主机信息泄露。 | V12: 参见《SSL RC4 加密套件支持检测 (Bar Mitzvah)-修复方案》 | W12: https://www.imperva.com/docs/HII_Attacking_SSL_when_using_RC4.pdf https://blog.csdn.net/m0_54434140/article/details/126536929
A13: 12 | B13: Oracle Database Server Core RDBMS组件远程安全漏洞（CVE-2013-5858） | C13: 版本比较 | D13: 系统漏洞 | E13: 中危 | F13: 否 | G13: 无效 | H13: 数据库服务器1（超融合机器） | I13: 未知责任人 | J13: 192.168.9.20 | K13: 192.168.9.20 | L13: 1521 | M13: Oracle: 11.2.0.4 | N13: =_xlfn.XLOOKUP(K13,资产表!C:C,资产表!AG:AG,“”) -> 内网 | O13: 建议修复 | P13: 处置中 | Q13: - | R13: TSS | S13: 45513.007 | T13: 46004.018 | U13: 影响oracle:11.2.0.3版本,11.1.0.7版本,11.2.0.4版本,12.1.0.1版本 | V13: 厂商补丁：Oracle------Oracle已经为此发布了一个安全公告（cpujan2014-1972949）以及相应补丁:cpujan2014-1972949：Oracle Critical Patch Update Advisory - January 2014链接：http://www.oracle.com/technetwork/topics/security/cpujan2014-1972949.html
A14: 13 | B14: Oracle Database Server 'TNS Listener'远程数据投毒漏洞（CVE-2012-1675） | C14: 版本比较 | D14: 系统漏洞 | E14: 高危 | F14: 否 | G14: ips-11000221（有效） | H14: 数据库服务器1（超融合机器） | I14: 未知责任人 | J14: 192.168.9.20 | K14: 192.168.9.20 | L14: 1521 | M14: Oracle: 11.2.0.4 | N14: =_xlfn.XLOOKUP(K14,资产表!C:C,资产表!AG:AG,“”) -> 内网 | O14: 尽快修复 | P14: 处置中 | Q14: - | R14: TSS | S14: 45513.007 | T14: 46004.018 | U14: 影响oracle:10.2.0.3版本(含)到10.2.0.5版本(含),11.1.0.7版本,11.2.0.2版本,11.2.0.3版本,11.2.0.4版本 | V14: 厂商补丁： Oracle ------ Oracle已经为此发布了一个安全公告（alert-cve-2012-1675-1608180）以及相应补丁: alert-cve-2012-1675-1608180：Oracle Security Alert for CVE-2012-1675 链接：http://www.oracle.com/technetwork/topics/security/alert-cve-2012-1675-1608180.html | W14: http://www.oracle.com/technetwork/topics/security/alert-cve-2012-1675-1608180.html https://blogs.oracle.com/security/entry/security_alert_for_cve_2012 http://xforce.iss.net/xforce/xfdb/75303
A15: 14 | B15: Oracle Database Server Listener远程拒绝服务漏洞(CVE-2012-0072) | C15: 版本比较 | D15: 系统漏洞 | E15: 中危 | F15: 否 | G15: 无效 | H15: 数据库服务器1（超融合机器） | I15: 未知责任人 | J15: 192.168.9.20 | K15: 192.168.9.20 | L15: 1521 | M15: Oracle: 11.2.0.4 | N15: =_xlfn.XLOOKUP(K15,资产表!C:C,资产表!AG:AG,“”) -> 内网 | O15: 建议修复 | P15: 处置中 | Q15: - | R15: TSS | S15: 45513.007 | T15: 46004.018 | U15: 影响oracle:11.2.0.2版本(含)到11.2.0.5版本(含),10.2.0.5版本,11.1.0.7版本 | V15: Oracle已经为此发布了一个安全公告（cpujan2012-366304）以及相应补丁: cpujan2012-366304：Oracle Critical Patch Update Advisory - January 2012 链接：https://www.oracle.com/security-alerts/cpujan2012.html#AppendixDB | W15: https://www.oracle.com/security-alerts/cpujan2012.html https://www.cnvd.org.cn/flaw/show/CNVD-2012-0230
A16: 15 | B16: Oracle Database Server Core RDBMS远程拒绝服务漏洞 | C16: 版本比较 | D16: 系统漏洞 | E16: 中危 | F16: 否 | G16: 无效 | H16: 数据库服务器1（超融合机器） | I16: 未知责任人 | J16: 192.168.9.20 | K16: 192.168.9.20 | L16: 1521 | M16: Oracle: 11.2.0.4 | N16: =_xlfn.XLOOKUP(K16,资产表!C:C,资产表!AG:AG,“”) -> 内网 | O16: 建议修复 | P16: 处置中 | Q16: - | R16: TSS | S16: 45513.007 | T16: 46004.018 | U16: 影响oracle:11.2.0.2版本(含)到11.2.0.5版本(含),10.2.0.5版本,11.1.0.7版本 | V16: Oracle已经为此发布了一个安全公告（cpujan2012-366304）以及相应补丁: cpujan2012-366304：Oracle Critical Patch Update Advisory - January 2012 链接：http://www.oracle.com/technetwork/topics/security/cpujan2012-366304.html | W16: https://www.oracle.com/security-alerts/cpujan2012.html https://cve.mitre.org/cgi-bin/cvename.cgi?name=CVE-2012-0082 http://www.oracle.com/technetwork/topics/security/cpujan2012-366304.html#AppendixDB https://www.cnvd.org.cn/flaw/show/CNVD-2012-0231
A17: 16 | B17: Oracle Database Server Spatial组件本地安全漏洞（CVE-2014-0378） | C17: 版本比较 | D17: 系统漏洞 | E17: 中危 | F17: 否 | G17: 无效 | H17: 数据库服务器1（超融合机器） | I17: 未知责任人 | J17: 192.168.9.20 | K17: 192.168.9.20 | L17: 1521 | M17: Oracle: 11.2.0.4 | N17: =_xlfn.XLOOKUP(K17,资产表!C:C,资产表!AG:AG,“”) -> 内网 | O17: 建议修复 | P17: 处置中 | Q17: - | R17: TSS | S17: 45513.007 | T17: 46004.018 | U17: 影响oracle:11.2.0.3版本,11.1.0.7版本,11.2.0.4版本,12.1.0.1版本 | V17: 厂商补丁：Oracle------Oracle已经为此发布了一个安全公告（cpujan2014-1972949）以及相应补丁:cpujan2014-1972949：Oracle Critical Patch Update Advisory - January 2014链接：http://www.oracle.com/technetwork/topics/security/cpujan2014-1972949.html
A18: 17 | B18: Oracle Database Server远程安全漏洞(CVE-2014-4236) | C18: 版本比较 | D18: 系统漏洞 | E18: 中危 | F18: 否 | G18: 无效 | H18: 数据库服务器1（超融合机器） | I18: 未知责任人 | J18: 192.168.9.20 | K18: 192.168.9.20 | L18: 1521 | M18: Oracle: 11.2.0.4 | N18: =_xlfn.XLOOKUP(K18,资产表!C:C,资产表!AG:AG,“”) -> 内网 | O18: 建议修复 | P18: 处置中 | Q18: - | R18: TSS | S18: 45513.007 | T18: 46004.018 | U18: 影响oracle:12.1.0.1版本,11.2.0.4版本 | V18: 厂商补丁：Oracle------Oracle已经为此发布了一个安全公告（cpujul2014-1972956）以及相应补丁:cpujul2014-1972956：Oracle Critical Patch Update Advisory - July 2014链接：http://www.oracle.com/technetwork/topics/security/cpujul2014-1972956.html
A19: 18 | B19: Oracle Database Server Jpublisher组件安全漏洞(CVE-2014-4293) | C19: 版本比较 | D19: 系统漏洞 | E19: 中危 | F19: 否 | G19: 无效 | H19: 数据库服务器1（超融合机器） | I19: 未知责任人 | J19: 192.168.9.20 | K19: 192.168.9.20 | L19: 1521 | M19: Oracle: 11.2.0.4 | N19: =_xlfn.XLOOKUP(K19,资产表!C:C,资产表!AG:AG,“”) -> 内网 | O19: 建议修复 | P19: 处置中 | Q19: - | R19: TSS | S19: 45513.007 | T19: 46004.018 | U19: 影响oracle:11.1.0.7版本,11.2.0.3版本,11.2.0.4版本,12.1.0.1版本,12.1.0.2版本 | V19: 目前厂商已经发布了升级补丁以修复此安全问题，补丁获取链接：http://www.oracle.com/technetwork/topics/security/cpuoct2014-1972960.html | W19: http://www.oracle.com/technetwork/topics/security/cpuoct2014-1972960.html https://cve.mitre.org/cgi-bin/cvename.cgi?name=CVE-2014-4293 https://www.cnvd.org.cn/flaw/show/CNVD-2014-07109
A20: 19 | B20: Oracle Database Server Java VM组件安全漏洞(CVE-2014-4294) | C20: 版本比较 | D20: 系统漏洞 | E20: 中危 | F20: 否 | G20: 无效 | H20: 数据库服务器1（超融合机器） | I20: 未知责任人 | J20: 192.168.9.20 | K20: 192.168.9.20 | L20: 1521 | M20: Oracle: 11.2.0.4 | N20: =_xlfn.XLOOKUP(K20,资产表!C:C,资产表!AG:AG,“”) -> 内网 | O20: 建议修复 | P20: 处置中 | Q20: - | R20: TSS | S20: 45513.007 | T20: 46004.018 | U20: 影响oracle:11.1.0.7版本,11.2.0.3版本,11.2.0.4版本,12.1.0.1版本,12.1.0.2版本 | V20: 目前厂商已经发布了升级补丁以修复此安全问题，补丁获取链接：http://www.oracle.com/technetwork/topics/security/cpuoct2014-1972960.html | W20: http://www.oracle.com/technetwork/topics/security/cpuoct2014-1972960.html https://cve.mitre.org/cgi-bin/cvename.cgi?name=CVE-2014-4294 https://www.cnvd.org.cn/flaw/show/CNVD-2014-07113
A21: 20 | B21: Oracle Database Server Jpublisher组件安全漏洞(CVE-2014-4297) | C21: 版本比较 | D21: 系统漏洞 | E21: 中危 | F21: 否 | G21: 无效 | H21: 数据库服务器1（超融合机器） | I21: 未知责任人 | J21: 192.168.9.20 | K21: 192.168.9.20 | L21: 1521 | M21: Oracle: 11.2.0.4 | N21: =_xlfn.XLOOKUP(K21,资产表!C:C,资产表!AG:AG,“”) -> 内网 | O21: 建议修复 | P21: 处置中 | Q21: - | R21: TSS | S21: 45513.007 | T21: 46004.018 | U21: 影响oracle:11.1.0.7版本,11.2.0.3版本,11.2.0.4版本,12.1.0.1版本,12.1.0.2版本 | V21: 目前厂商已经发布了升级补丁以修复此安全问题，补丁获取链接：http://www.oracle.com/technetwork/topics/security/cpuoct2014-1972960.html | W21: http://www.oracle.com/technetwork/topics/security/cpuoct2014-1972960.html https://cve.mitre.org/cgi-bin/cvename.cgi?name=CVE-2014-4297 https://www.cnvd.org.cn/flaw/show/CNVD-2014-07269
A22: 21 | B22: Oracle Database Server SQLJ组件安全漏洞(CVE-2014-4298) | C22: 版本比较 | D22: 系统漏洞 | E22: 中危 | F22: 否 | G22: 无效 | H22: 数据库服务器1（超融合机器） | I22: 未知责任人 | J22: 192.168.9.20 | K22: 192.168.9.20 | L22: 1521 | M22: Oracle: 11.2.0.4 | N22: =_xlfn.XLOOKUP(K22,资产表!C:C,资产表!AG:AG,“”) -> 内网 | O22: 建议修复 | P22: 处置中 | Q22: - | R22: TSS | S22: 45513.007 | T22: 46004.018 | U22: 影响oracle:11.1.0.7版本,11.2.0.3版本,11.2.0.4版本,12.1.0.1版本,12.1.0.2版本 | V22: 目前厂商已经发布了升级补丁以修复此安全问题，补丁获取链接：http://www.oracle.com/technetwork/topics/security/cpuoct2014-1972960.html | W22: http://www.oracle.com/technetwork/topics/security/cpuoct2014-1972960.html https://cve.mitre.org/cgi-bin/cvename.cgi?name=CVE-2014-4298 https://www.cnvd.org.cn/flaw/show/CNVD-2014-07122
A23: 22 | B23: Oracle Database Server SQLJ组件安全漏洞(CVE-2014-4300) | C23: 版本比较 | D23: 系统漏洞 | E23: 中危 | F23: 否 | G23: 无效 | H23: 数据库服务器1（超融合机器） | I23: 未知责任人 | J23: 192.168.9.20 | K23: 192.168.9.20 | L23: 1521 | M23: Oracle: 11.2.0.4 | N23: =_xlfn.XLOOKUP(K23,资产表!C:C,资产表!AG:AG,“”) -> 内网 | O23: 建议修复 | P23: 处置中 | Q23: - | R23: TSS | S23: 45513.007 | T23: 46004.018 | U23: 影响oracle:11.1.0.7版本,11.2.0.3版本,11.2.0.4版本,12.1.0.1版本,12.1.0.2版本 | V23: 目前厂商已经发布了升级补丁以修复此安全问题，补丁获取链接：http://www.oracle.com/technetwork/topics/security/cpuoct2014-1972960.html | W23: http://www.oracle.com/technetwork/topics/security/cpuoct2014-1972960.html https://cve.mitre.org/cgi-bin/cvename.cgi?name=CVE-2014-4300 https://www.cnvd.org.cn/flaw/show/CNVD-2014-07124
A24: 23 | B24: Oracle Database Server Java VM组件代码执行漏洞(CVE-2014-6453) | C24: 版本比较 | D24: 系统漏洞 | E24: 高危 | F24: 否 | G24: 无效 | H24: 数据库服务器1（超融合机器） | I24: 未知责任人 | J24: 192.168.9.20 | K24: 192.168.9.20 | L24: 1521 | M24: Oracle: 11.2.0.4 | N24: =_xlfn.XLOOKUP(K24,资产表!C:C,资产表!AG:AG,“”) -> 内网 | O24: 尽快修复 | P24: 处置中 | Q24: - | R24: TSS | S24: 45513.007 | T24: 46004.018 | U24: 影响oracle:11.1.0.7版本,11.2.0.3版本,11.2.0.4版本,12.1.0.1版本,12.1.0.2版本 | V24: 厂商补丁：目前厂商已经发布升级补丁解决此安全问题，补丁获取链接：http://www.oracle.com/technetwork/topics/security/cpuoct2014-1972960.html | W24: https://www.oracle.com/security-alerts/cpuoct2014verbose.html http://www.oracle.com/technetwork/topics/security/cpuoct2014-1972960.html
A25: 24 | B25: Oracle Database Server Java VM组件代码执行漏洞(CVE-2014-6467) | C25: 版本比较 | D25: 系统漏洞 | E25: 高危 | F25: 否 | G25: 无效 | H25: 数据库服务器1（超融合机器） | I25: 未知责任人 | J25: 192.168.9.20 | K25: 192.168.9.20 | L25: 1521 | M25: Oracle: 11.2.0.4 | N25: =_xlfn.XLOOKUP(K25,资产表!C:C,资产表!AG:AG,“”) -> 内网 | O25: 尽快修复 | P25: 处置中 | Q25: - | R25: TSS | S25: 45513.007 | T25: 46004.018 | U25: 影响oracle:11.1.0.7版本,11.2.0.3版本,11.2.0.4版本,12.1.0.1版本,12.1.0.2版本 | V25: 厂商补丁：目前Oracle厂商已经发布升级补丁解决此安全问题，补丁获取链接：http://www.oracle.com/technetwork/topics/security/cpuoct2014-1972960.html | W25: https://www.oracle.com/security-alerts/cpuoct2014verbose.html https://cve.mitre.org/cgi-bin/cvename.cgi?name=CVE-2014-6467 https://www.cnvd.org.cn/flaw/show/CNVD-2014-07116 http://www.oracle.com/technetwork/topics/security/cpuoct2014-1972960.html
A26: 25 | B26: Oracle Database Server Jpublisher组件漏洞(CVE-2014-6477) | C26: 版本比较 | D26: 系统漏洞 | E26: 中危 | F26: 否 | G26: 无效 | H26: 数据库服务器1（超融合机器） | I26: 未知责任人 | J26: 192.168.9.20 | K26: 192.168.9.20 | L26: 1521 | M26: Oracle: 11.2.0.4 | N26: =_xlfn.XLOOKUP(K26,资产表!C:C,资产表!AG:AG,“”) -> 内网 | O26: 建议修复 | P26: 处置中 | Q26: - | R26: TSS | S26: 45513.007 | T26: 46004.018 | U26: 影响oracle:11.1.0.7版本,11.2.0.3版本,11.2.0.4版本,12.1.0.1版本,12.1.0.2版本 | V26: 厂商补丁Oracle------目前厂商已经发布了升级补丁以修复此安全问题，如有具体升级详情问题可咨询oracle厂商，补丁获取链接： http://www.oracle.com/technetwork/topics/security/cpuoct2014-1972960.html | W26: https://www.oracle.com/security-alerts/cpuoct2014verbose.html https://cve.mitre.org/cgi-bin/cvename.cgi?name=CVE-2014-6477 https://www.cnvd.org.cn/flaw/show/CNVD-2014-08588
A27: 26 | B27: Oracle Database Server Java VM组件安全漏洞(CVE-2014-6538) | C27: 版本比较 | D27: 系统漏洞 | E27: 中危 | F27: 否 | G27: 无效 | H27: 数据库服务器1（超融合机器） | I27: 未知责任人 | J27: 192.168.9.20 | K27: 192.168.9.20 | L27: 1521 | M27: Oracle: 11.2.0.4 | N27: =_xlfn.XLOOKUP(K27,资产表!C:C,资产表!AG:AG,“”) -> 内网 | O27: 建议修复 | P27: 处置中 | Q27: - | R27: TSS | S27: 45513.007 | T27: 46004.018 | U27: 影响oracle:11.1.0.7版本,11.2.0.3版本,11.2.0.4版本,12.1.0.1版本,12.1.0.2版本 | V27: 目前厂商已经发布了升级补丁以修复此安全问题，补丁获取链接：http://www.oracle.com/technetwork/topics/security/cpuoct2014-1972960.html | W27: http://www.oracle.com/technetwork/topics/security/cpuoct2014-1972960.html https://cve.mitre.org/cgi-bin/cvename.cgi?name=CVE-2014-6538 https://www.cnvd.org.cn/flaw/show/CNVD-2014-07260
A28: 27 | B28: Oracle Database Server SQLJ组件安全漏洞(CVE-2014-6542) | C28: 版本比较 | D28: 系统漏洞 | E28: 中危 | F28: 否 | G28: 无效 | H28: 数据库服务器1（超融合机器） | I28: 未知责任人 | J28: 192.168.9.20 | K28: 192.168.9.20 | L28: 1521 | M28: Oracle: 11.2.0.4 | N28: =_xlfn.XLOOKUP(K28,资产表!C:C,资产表!AG:AG,“”) -> 内网 | O28: 建议修复 | P28: 处置中 | Q28: - | R28: TSS | S28: 45513.007 | T28: 46004.018 | U28: 影响oracle:11.1.0.7版本,11.2.0.3版本,11.2.0.4版本,12.1.0.1版本,12.1.0.2版本 | V28: 目前厂商已经发布了升级补丁以修复此安全问题，补丁获取链接：http://www.oracle.com/technetwork/topics/security/cpuoct2014-1972960.html | W28: http://www.oracle.com/technetwork/topics/security/cpuoct2014-1972960.html https://cve.mitre.org/cgi-bin/cvename.cgi?name=CVE-2014-6542 https://www.cnvd.org.cn/flaw/show/CNVD-2014-07117
A29: 28 | B29: Oracle Database Server Jpublisher组件安全漏洞(CVE-2014-6547) | C29: 版本比较 | D29: 系统漏洞 | E29: 中危 | F29: 否 | G29: 无效 | H29: 数据库服务器1（超融合机器） | I29: 未知责任人 | J29: 192.168.9.20 | K29: 192.168.9.20 | L29: 1521 | M29: Oracle: 11.2.0.4 | N29: =_xlfn.XLOOKUP(K29,资产表!C:C,资产表!AG:AG,“”) -> 内网 | O29: 建议修复 | P29: 处置中 | Q29: - | R29: TSS | S29: 45513.007 | T29: 46004.018 | U29: 影响oracle:11.1.0.7版本,11.2.0.3版本,11.2.0.4版本,12.1.0.1版本,12.1.0.2版本 | V29: 目前厂商已经发布了升级补丁以修复此安全问题，补丁获取链接：http://www.oracle.com/technetwork/topics/security/cpuoct2014-1972960.html | W29: http://www.oracle.com/technetwork/topics/security/cpuoct2014-1972960.html https://cve.mitre.org/cgi-bin/cvename.cgi?name=CVE-2014-6547 https://www.cnvd.org.cn/flaw/show/CNVD-2014-07128
A30: 29 | B30: Oracle Database Server远程安全漏洞(CVE-2015-0371) | C30: 版本比较 | D30: 系统漏洞 | E30: 中危 | F30: 否 | G30: 无效 | H30: 数据库服务器1（超融合机器） | I30: 未知责任人 | J30: 192.168.9.20 | K30: 192.168.9.20 | L30: 1521 | M30: Oracle: 11.2.0.4 | N30: =_xlfn.XLOOKUP(K30,资产表!C:C,资产表!AG:AG,“”) -> 内网 | O30: 建议修复 | P30: 处置中 | Q30: - | R30: TSS | S30: 45513.007 | T30: 46004.018 | U30: 影响oracle:11.2.0.3版本,11.1.0.7版本,11.2.0.4版本,12.1.0.1版本 | V30: Oracle------Oracle已经为此发布了一个安全公告（cpujan2015-1972971）以及相应补丁:cpujan2015-1972971：Oracle Critical Patch Update Advisory - January 2015链接：http://www.oracle.com/technetwork/topics/security/cpujan2015-1972971.html
A31: 30 | B31: Oracle Database Server OJVM组件安全漏洞(CVE-2015-0373) | C31: 版本比较 | D31: 系统漏洞 | E31: 中危 | F31: 否 | G31: 无效 | H31: 数据库服务器1（超融合机器） | I31: 未知责任人 | J31: 192.168.9.20 | K31: 192.168.9.20 | L31: 1521 | M31: Oracle: 11.2.0.4 | N31: =_xlfn.XLOOKUP(K31,资产表!C:C,资产表!AG:AG,“”) -> 内网 | O31: 建议修复 | P31: 处置中 | Q31: - | R31: TSS | S31: 45513.007 | T31: 46004.018 | U31: 影响oracle:11.2.0.4版本,11.2.0.3版本,12.1.0.2版本,12.1.0.1版本,11.1.0.7版本 | V31: 目前厂商已经发布了升级补丁以修复此安全问题，补丁获取链接：http://www.oracle.com/technetwork/topics/security/cpujan2015-1972971.html | W31: http://www.oracle.com/technetwork/topics/security/cpujan2015-1972971.html https://cve.mitre.org/cgi-bin/cvename.cgi?name=CVE-2015-0373 https://www.cnvd.org.cn/flaw/show/CNVD-2015-00530
A32: 31 | B32: Oracle Database Server XDB - XML Database组件安全漏洞(CVE-2015-0455) | C32: 版本比较 | D32: 系统漏洞 | E32: 中危 | F32: 否 | G32: 无效 | H32: 数据库服务器1（超融合机器） | I32: 未知责任人 | J32: 192.168.9.20 | K32: 192.168.9.20 | L32: 1521 | M32: Oracle: 11.2.0.4 | N32: =_xlfn.XLOOKUP(K32,资产表!C:C,资产表!AG:AG,“”) -> 内网 | O32: 建议修复 | P32: 处置中 | Q32: - | R32: TSS | S32: 45513.007 | T32: 46004.018 | U32: 影响oracle:11.2.0.3版本,11.2.0.4版本,12.1.0.2版本,12.1.0.1版本 | V32: 厂商补丁：Oracle已经为此发布了一个安全公告（cpuapr2015-2365600）以及相应补丁: cpuapr2015-2365600：Oracle Critical Patch Update Advisory - April 2015 链接：http://www.oracle.com/technetwork/topics/security/cpuapr2015-2365600.html | W32: http://www.oracle.com/technetwork/topics/security/cpuapr2015-2365600.html https://cve.mitre.org/cgi-bin/cvename.cgi?name=CVE-2015-0455 https://www.cnvd.org.cn/flaw/show/CNVD-2015-02520
A33: 32 | B33: Oracle Database 远程安全漏洞(CVE-2015-2599) | C33: 版本比较 | D33: 系统漏洞 | E33: 中危 | F33: 否 | G33: 无效 | H33: 数据库服务器1（超融合机器） | I33: 未知责任人 | J33: 192.168.9.20 | K33: 192.168.9.20 | L33: 1521 | M33: Oracle: 11.2.0.4 | N33: =_xlfn.XLOOKUP(K33,资产表!C:C,资产表!AG:AG,“”) -> 内网 | O33: 建议修复 | P33: 处置中 | Q33: - | R33: TSS | S33: 45513.007 | T33: 46004.018 | U33: 影响oracle:11.2.0.4版本,11.2.0.3版本,12.1.0.2版本,12.1.0.1版本,11.1.0.7版本 | V33: 厂商补丁:Oracle------Oracle已经为此发布了一个安全公告（cpujul2015-2367936）以及相应补丁:cpujul2015-2367936：Oracle Critical Patch Update Advisory - July 2015链接：http://www.oracle.com/technetwork/topics/security/cpujul2015-2367936.html
A34: 33 | B34: Oracle Database Server Java VM组件任意代码执行漏洞(CVE-2015-2629) | C34: 版本比较 | D34: 系统漏洞 | E34: 高危 | F34: 否 | G34: 无效 | H34: 数据库服务器1（超融合机器） | I34: 未知责任人 | J34: 192.168.9.20 | K34: 192.168.9.20 | L34: 1521 | M34: Oracle: 11.2.0.4 | N34: =_xlfn.XLOOKUP(K34,资产表!C:C,资产表!AG:AG,“”) -> 内网 | O34: 尽快修复 | P34: 处置中 | Q34: - | R34: TSS | S34: 45513.007 | T34: 46004.018 | U34: 影响oracle:11.2.0.4版本,11.2.0.3版本,12.1.0.2版本,12.1.0.1版本,11.1.0.7版本 | V34: Oracle已经为此发布了一个安全公告（cpujul2015-2367936）以及相应补丁: cpujul2015-2367936：Oracle Critical Patch Update Advisory - July 2015 链接：http://www.oracle.com/technetwork/topics/security/cpujul2015-2367936.html | W34: http://www.oracle.com/technetwork/topics/security/cpujul2015-2367936.html
A35: 34 | B35: Oracle Enterprise Manager Grid Control Enterprise Manager for Oracle Database组件安全漏洞(CVE-2015-2646) | C35: 版本比较 | D35: 系统漏洞 | E35: 中危 | F35: 否 | G35: 无效 | H35: 数据库服务器1（超融合机器） | I35: 未知责任人 | J35: 192.168.9.20 | K35: 192.168.9.20 | L35: 1521 | M35: Oracle: 11.2.0.4 | N35: =_xlfn.XLOOKUP(K35,资产表!C:C,资产表!AG:AG,“”) -> 内网 | O35: 建议修复 | P35: 处置中 | Q35: - | R35: TSS | S35: 45513.007 | T35: 46004.018 | U35: 影响oracle:11.2.0.3版本,11.2.0.4版本,11.1.0.7版本 | V35: 厂商补丁：Oracle------目前厂商已经发布了升级补丁以修复此安全问题，补丁获取链接：http://www.oracle.com/technetwork/topics/security/cpujul2015-2367936.html | W35: http://www.oracle.com/technetwork/topics/security/cpujul2015-2367936.html
A36: 35 | B36: Oracle Database Server Java VM组件安全漏洞(CVE-2015-4794) | C36: 版本比较 | D36: 系统漏洞 | E36: 高危 | F36: 否 | G36: 无效 | H36: 数据库服务器1（超融合机器） | I36: 未知责任人 | J36: 192.168.9.20 | K36: 192.168.9.20 | L36: 1521 | M36: Oracle: 11.2.0.4 | N36: =_xlfn.XLOOKUP(K36,资产表!C:C,资产表!AG:AG,“”) -> 内网 | O36: 尽快修复 | P36: 处置中 | Q36: - | R36: TSS | S36: 45513.007 | T36: 46004.018 | U36: 影响oracle:11.2.0.4版本,12.1.0.2版本,12.1.0.1版本 | V36: Oracle------Oracle已经为此发布了一个安全公告（cpuoct2015-2367953）以及相应补丁:cpuoct2015-2367953：Oracle Critical Patch Update Advisory - October 2015链接：http://www.oracle.com/technetwork/topics/security/cpuoct2015-2367953.html补丁下载：https://support.oracle.com/rs?type=doc&id=2049800.1 | W36: https://www.oracle.com/security-alerts/cpuoct2015verbose.html https://cve.mitre.org/cgi-bin/cvename.cgi?name=CVE-2015-4794 https://www.cnvd.org.cn/flaw/show/CNVD-2015-06948
A37: 36 | B37: Oracle Database Server Core RDBMS组件远程信息泄露安全漏洞（CVE-2014-0377） | C37: 版本比较 | D37: 系统漏洞 | E37: 中危 | F37: 否 | G37: 无效 | H37: 数据库服务器1（超融合机器） | I37: 未知责任人 | J37: 192.168.9.20 | K37: 192.168.9.20 | L37: 1521 | M37: Oracle: 11.2.0.4 | N37: =_xlfn.XLOOKUP(K37,资产表!C:C,资产表!AG:AG,“”) -> 内网 | O37: 建议修复 | P37: 处置中 | Q37: - | R37: TSS | S37: 45513.007 | T37: 46004.018 | U37: 影响oracle:11.2.0.3版本,11.1.0.7版本,11.2.0.4版本,12.1.0.1版本 | V37: 厂商补丁：Oracle------Oracle已经为此发布了一个安全公告（cpujan2014-1972949）以及相应补丁:cpujan2014-1972949：Oracle Critical Patch Update Advisory - January 2014链接：http://www.oracle.com/technetwork/topics/security/cpujan2014-1972949.html
A38: 37 | B38: Oracle Database 远程安全漏洞(CVE-2014-2406) | C38: 版本比较 | D38: 系统漏洞 | E38: 高危 | F38: 否 | G38: 无效 | H38: 数据库服务器1（超融合机器） | I38: 未知责任人 | J38: 192.168.9.20 | K38: 192.168.9.20 | L38: 1521 | M38: Oracle: 11.2.0.4 | N38: =_xlfn.XLOOKUP(K38,资产表!C:C,资产表!AG:AG,“”) -> 内网 | O38: 尽快修复 | P38: 处置中 | Q38: - | R38: TSS | S38: 45513.007 | T38: 46004.018 | U38: 影响oracle:11.2.0.3版本,11.2.0.4版本,11.1.0.7版本,11.1.0.1版本 | V38: 厂商补丁：Oracle------Oracle已经为此发布了一个安全公告（cpuapr2014-1972952）以及相应补丁:cpuapr2014-1972952：Oracle Critical Patch Update Advisory - April 2014链接：http://www.oracle.com/technetwork/topics/security/cpuapr2014-1972952.html https://support.oracle.com/rs?type=doc&id=1618213.1
A39: 38 | B39: Oracle Database Server DBMS_LDAP 远程安全漏洞(CVE-2014-3566) | C39: 版本比较 | D39: 系统漏洞 | E39: 低危 | F39: 否 | G39: 无效 | H39: 数据库服务器1（超融合机器） | I39: 未知责任人 | J39: 192.168.9.20 | K39: 192.168.9.20 | L39: 1521 | M39: Oracle: 11.2.0.4 | N39: =_xlfn.XLOOKUP(K39,资产表!C:C,资产表!AG:AG,“”) -> 内网 | O39: 建议修复 | P39: 处置中 | Q39: - | R39: TSS | S39: 45513.007 | T39: 46004.018 | U39: 影响oracle:11.2.0.4版本,12.1.0.2版本 | V39: 厂商补丁：Oracle------Oracle已经为此发布了一个安全公告（cpujul2017-3236622）以及相应补丁:cpujul2017-3236622：Oracle Critical Patch Update Advisory - July 2017链接：http://www.oracle.com/technetwork/security-advisory/cpujul2017-3236622.html
A40: 39 | B40: Oracle Database Server远程安全漏洞(CVE-2014-4237) | C40: 版本比较 | D40: 系统漏洞 | E40: 中危 | F40: 否 | G40: 无效 | H40: 数据库服务器1（超融合机器） | I40: 未知责任人 | J40: 192.168.9.20 | K40: 192.168.9.20 | L40: 1521 | M40: Oracle: 11.2.0.4 | N40: =_xlfn.XLOOKUP(K40,资产表!C:C,资产表!AG:AG,“”) -> 内网 | O40: 建议修复 | P40: 处置中 | Q40: - | R40: TSS | S40: 45513.007 | T40: 46004.018 | U40: 影响oracle:12.1.0.1版本,11.2.0.4版本 | V40: 厂商补丁：Oracle------Oracle已经为此发布了一个安全公告（cpujul2014-1972956）以及相应补丁:cpujul2014-1972956：Oracle Critical Patch Update Advisory - July 2014链接：http://www.oracle.com/technetwork/topics/security/cpujul2014-1972956.html
A41: 40 | B41: Oracle Database Server远程安全漏洞(CVE-2014-4245) | C41: 版本比较 | D41: 系统漏洞 | E41: 低危 | F41: 否 | G41: 无效 | H41: 数据库服务器1（超融合机器） | I41: 未知责任人 | J41: 192.168.9.20 | K41: 192.168.9.20 | L41: 1521 | M41: Oracle: 11.2.0.4 | N41: =_xlfn.XLOOKUP(K41,资产表!C:C,资产表!AG:AG,“”) -> 内网 | O41: 建议修复 | P41: 处置中 | Q41: - | R41: TSS | S41: 45513.007 | T41: 46004.018 | U41: 影响oracle:11.2.0.3版本,11.2.0.4版本,11.1.0.7版本,11.1.0.1版本 | V41: 厂商补丁：Oracle------Oracle已经为此发布了一个安全公告（cpujul2014-1972956）以及相应补丁:cpujul2014-1972956：Oracle Critical Patch Update Advisory - July 2014链接：http://www.oracle.com/technetwork/topics/security/cpujul2014-1972956.html
A42: 41 | B42: Oracle Database Server JDBC组件拒绝服务漏洞(CVE-2014-4289) | C42: 版本比较 | D42: 系统漏洞 | E42: 低危 | F42: 否 | G42: 无效 | H42: 数据库服务器1（超融合机器） | I42: 未知责任人 | J42: 192.168.9.20 | K42: 192.168.9.20 | L42: 1521 | M42: Oracle: 11.2.0.4 | N42: =_xlfn.XLOOKUP(K42,资产表!C:C,资产表!AG:AG,“”) -> 内网 | O42: 建议修复 | P42: 处置中 | Q42: - | R42: TSS | S42: 45513.007 | T42: 46004.018 | U42: 影响oracle:11.1.0.7版本,11.2.0.3版本,11.2.0.4版本,12.1.0.1版本 | V42: 目前厂商已经发布了升级补丁以修复此安全问题，补丁获取链接：http://www.oracle.com/technetwork/topics/security/cpuoct2014-1972960.html | W42: http://www.oracle.com/technetwork/topics/security/cpuoct2014-1972960.html https://cve.mitre.org/cgi-bin/cvename.cgi?name=CVE-2014-4289 https://www.cnvd.org.cn/flaw/show/CNVD-2014-07129
A43: 42 | B43: Oracle Database Server Jpublisher组件安全漏洞(CVE-2014-4310) | C43: 版本比较 | D43: 系统漏洞 | E43: 中危 | F43: 否 | G43: 无效 | H43: 数据库服务器1（超融合机器） | I43: 未知责任人 | J43: 192.168.9.20 | K43: 192.168.9.20 | L43: 1521 | M43: Oracle: 11.2.0.4 | N43: =_xlfn.XLOOKUP(K43,资产表!C:C,资产表!AG:AG,“”) -> 内网 | O43: 建议修复 | P43: 处置中 | Q43: - | R43: TSS | S43: 45513.007 | T43: 46004.018 | U43: 影响oracle:11.1.0.7版本,11.2.0.3版本,11.2.0.4版本,12.1.0.1版本,12.1.0.2版本 | V43: 目前厂商已经发布了升级补丁以修复此安全问题，补丁获取链接：http://www.oracle.com/technetwork/topics/security/cpuoct2014-1972960.html | W43: http://www.oracle.com/technetwork/topics/security/cpuoct2014-1972960.html https://cve.mitre.org/cgi-bin/cvename.cgi?name=CVE-2014-4310 https://www.cnvd.org.cn/flaw/show/CNVD-2014-06960
A44: 43 | B44: Oracle Enterprise Manager Grid Control Enterprise Manager for Oracle Database组件安全漏洞(CVE-2014-6488) | C44: 版本比较 | D44: 系统漏洞 | E44: 低危 | F44: 否 | G44: 无效 | H44: 数据库服务器1（超融合机器） | I44: 未知责任人 | J44: 192.168.9.20 | K44: 192.168.9.20 | L44: 1521 | M44: Oracle: 11.2.0.4 | N44: =_xlfn.XLOOKUP(K44,资产表!C:C,资产表!AG:AG,“”) -> 内网 | O44: 建议修复 | P44: 处置中 | Q44: - | R44: TSS | S44: 45513.007 | T44: 46004.018 | U44: 影响oracle:11.2.0.3版本,11.2.0.4版本,11.1.0.7版本 | V44: 厂商补丁：Oracle------目前厂商已经发布了升级补丁以修复此安全问题，补丁获取链接：http://www.oracle.com/technetwork/topics/security/cpuoct2014-1972960.html
A45: 44 | B45: Oracle Database Server远程安全漏洞(CVE-2014-6514) | C45: 版本比较 | D45: 系统漏洞 | E45: 中危 | F45: 否 | G45: 无效 | H45: 数据库服务器1（超融合机器） | I45: 未知责任人 | J45: 192.168.9.20 | K45: 192.168.9.20 | L45: 1521 | M45: Oracle: 11.2.0.4 | N45: =_xlfn.XLOOKUP(K45,资产表!C:C,资产表!AG:AG,“”) -> 内网 | O45: 建议修复 | P45: 处置中 | Q45: - | R45: TSS | S45: 45513.007 | T45: 46004.018 | U45: 影响oracle:11.2.0.3版本,11.1.0.7版本,11.2.0.4版本,12.1.0.1版本 | V45: Oracle已经为此发布了一个安全公告（cpujan2015-1972971）以及相应补丁: cpujan2015-1972971：Oracle Critical Patch Update Advisory - January 2015 链接：http://www.oracle.com/technetwork/topics/security/cpujan2015-1972971.html | W45: http://www.oracle.com/technetwork/topics/security/cpujan2015-1972971.html
A46: 45 | B46: Oracle Database Server远程安全漏洞(CVE-2014-6541) | C46: 版本比较 | D46: 系统漏洞 | E46: 中危 | F46: 否 | G46: 无效 | H46: 数据库服务器1（超融合机器） | I46: 未知责任人 | J46: 192.168.9.20 | K46: 192.168.9.20 | L46: 1521 | M46: Oracle: 11.2.0.4 | N46: =_xlfn.XLOOKUP(K46,资产表!C:C,资产表!AG:AG,“”) -> 内网 | O46: 建议修复 | P46: 处置中 | Q46: - | R46: TSS | S46: 45513.007 | T46: 46004.018 | U46: 影响oracle:11.2.0.4版本,11.2.0.3版本,12.1.0.2版本,12.1.0.1版本,11.1.0.7版本 | V46: Oracle------Oracle已经为此发布了一个安全公告（cpujan2015-1972971）以及相应补丁:cpujan2015-1972971：Oracle Critical Patch Update Advisory - January 2015链接：http://www.oracle.com/technetwork/topics/security/cpujan2015-1972971.html
A47: 46 | B47: Oracle Database Server Java VM组件安全漏洞(CVE-2014-6563) | C47: 版本比较 | D47: 系统漏洞 | E47: 中危 | F47: 否 | G47: 无效 | H47: 数据库服务器1（超融合机器） | I47: 未知责任人 | J47: 192.168.9.20 | K47: 192.168.9.20 | L47: 1521 | M47: Oracle: 11.2.0.4 | N47: =_xlfn.XLOOKUP(K47,资产表!C:C,资产表!AG:AG,“”) -> 内网 | O47: 建议修复 | P47: 处置中 | Q47: - | R47: TSS | S47: 45513.007 | T47: 46004.018 | U47: 影响oracle:11.1.0.7版本,11.2.0.3版本,11.2.0.4版本,12.1.0.1版本,12.1.0.2版本 | V47: 目前厂商已经发布了升级补丁以修复此安全问题，补丁获取链接：http://www.oracle.com/technetwork/topics/security/cpuoct2014-1972960.html | W47: http://www.oracle.com/technetwork/topics/security/cpuoct2014-1972960.html https://cve.mitre.org/cgi-bin/cvename.cgi?name=CVE-2014-6563 https://www.cnvd.org.cn/flaw/show/CNVD-2014-06959
A48: 47 | B48: Oracle Database Server远程安全漏洞(CVE-2014-6567) | C48: 版本比较 | D48: 系统漏洞 | E48: 高危 | F48: 否 | G48: 无效 | H48: 数据库服务器1（超融合机器） | I48: 未知责任人 | J48: 192.168.9.20 | K48: 192.168.9.20 | L48: 1521 | M48: Oracle: 11.2.0.4 | N48: =_xlfn.XLOOKUP(K48,资产表!C:C,资产表!AG:AG,“”) -> 内网 | O48: 尽快修复 | P48: 处置中 | Q48: - | R48: TSS | S48: 45513.007 | T48: 46004.018 | U48: 影响oracle:11.2.0.4版本,11.2.0.3版本,12.1.0.2版本,12.1.0.1版本,11.1.0.7版本 | V48: Oracle已经为此发布了一个安全公告（cpujan2015-1972971）以及相应补丁: cpujan2015-1972971：Oracle Critical Patch Update Advisory - January 2015 链接：http://www.oracle.com/technetwork/topics/security/cpujan2015-1972971.html | W48: http://www.oracle.com/technetwork/topics/security/cpujan2015-1972971.html https://cve.mitre.org/cgi-bin/cvename.cgi?name=CVE-2014-6567 https://www.cnvd.org.cn/flaw/show/CNVD-2015-00487
A49: 48 | B49: Oracle Database Server远程安全漏洞(CVE-2014-6577) | C49: 版本比较 | D49: 系统漏洞 | E49: 中危 | F49: 否 | G49: 无效 | H49: 数据库服务器1（超融合机器） | I49: 未知责任人 | J49: 192.168.9.20 | K49: 192.168.9.20 | L49: 1521 | M49: Oracle: 11.2.0.4 | N49: =_xlfn.XLOOKUP(K49,资产表!C:C,资产表!AG:AG,“”) -> 内网 | O49: 建议修复 | P49: 处置中 | Q49: - | R49: TSS | S49: 45513.007 | T49: 46004.018 | U49: 影响oracle:11.2.0.3版本,11.2.0.4版本,12.1.0.2版本,12.1.0.1版本 | V49: Oracle------Oracle已经为此发布了一个安全公告（cpujan2015-1972971）以及相应补丁:cpujan2015-1972971：Oracle Critical Patch Update Advisory - January 2015链接：http://www.oracle.com/technetwork/topics/security/cpujan2015-1972971.html | W49: http://www.oracle.com/technetwork/topics/security/cpujan2015-1972971.html https://cve.mitre.org/cgi-bin/cvename.cgi?name=CVE-2014-6577 https://www.cnvd.org.cn/flaw/show/CNVD-2015-00490
A50: 49 | B50: Oracle Database Server远程安全漏洞(CVE-2014-6578) | C50: 版本比较 | D50: 系统漏洞 | E50: 中危 | F50: 否 | G50: 无效 | H50: 数据库服务器1（超融合机器） | I50: 未知责任人 | J50: 192.168.9.20 | K50: 192.168.9.20 | L50: 1521 | M50: Oracle: 11.2.0.4 | N50: =_xlfn.XLOOKUP(K50,资产表!C:C,资产表!AG:AG,“”) -> 内网 | O50: 建议修复 | P50: 处置中 | Q50: - | R50: TSS | S50: 45513.007 | T50: 46004.018 | U50: 影响oracle:11.2.0.3版本,11.1.0.7版本,11.2.0.4版本,12.1.0.1版本 | V50: Oracle已经为此发布了一个安全公告（cpujan2015-1972971）以及相应补丁: cpujan2015-1972971：Oracle Critical Patch Update Advisory - January 2015 链接：http://www.oracle.com/technetwork/topics/security/cpujan2015-1972971.html | W50: http://www.oracle.com/technetwork/topics/security/cpujan2015-1972971.html
A51: 50 | B51: Oracle Database Server远程安全漏洞(CVE-2015-0370) | C51: 版本比较 | D51: 系统漏洞 | E51: 低危 | F51: 否 | G51: 无效 | H51: 数据库服务器1（超融合机器） | I51: 未知责任人 | J51: 192.168.9.20 | K51: 192.168.9.20 | L51: 1521 | M51: Oracle: 11.2.0.4 | N51: =_xlfn.XLOOKUP(K51,资产表!C:C,资产表!AG:AG,“”) -> 内网 | O51: 建议修复 | P51: 处置中 | Q51: - | R51: TSS | S51: 45513.007 | T51: 46004.018 | U51: 影响oracle:11.2.0.3版本,11.1.0.7版本,11.2.0.4版本,12.1.0.1版本 | V51: Oracle------Oracle已经为此发布了一个安全公告（cpujan2015-1972971）以及相应补丁:cpujan2015-1972971：Oracle Critical Patch Update Advisory - January 2015链接：http://www.oracle.com/technetwork/topics/security/cpujan2015-1972971.html
A52: 51 | B52: Oracle Database Server Java VM组件安全漏洞(CVE-2015-0457) | C52: 版本比较 | D52: 系统漏洞 | E52: 高危 | F52: 否 | G52: 无效 | H52: 数据库服务器1（超融合机器） | I52: 未知责任人 | J52: 192.168.9.20 | K52: 192.168.9.20 | L52: 1521 | M52: Oracle: 11.2.0.4 | N52: =_xlfn.XLOOKUP(K52,资产表!C:C,资产表!AG:AG,“”) -> 内网 | O52: 尽快修复 | P52: 处置中 | Q52: - | R52: TSS | S52: 45513.007 | T52: 46004.018 | U52: 影响oracle:11.2.0.4版本,11.2.0.3版本,12.1.0.2版本,12.1.0.1版本,11.1.0.7版本 | V52: 厂商补丁：Oracle已经为此发布了一个安全公告（cpuapr2015-2365600）以及相应补丁: cpuapr2015-2365600：Oracle Critical Patch Update Advisory - April 2015 链接：http://www.oracle.com/technetwork/topics/security/cpuapr2015-2365600.html | W52: http://www.oracle.com/technetwork/topics/security/cpuapr2015-2365600.html https://cve.mitre.org/cgi-bin/cvename.cgi?name=CVE-2015-0457 https://www.cnvd.org.cn/flaw/show/CNVD-2015-02577
A53: 52 | B53: Oracle Database 远程安全漏洞(CVE-2015-4740) | C53: 版本比较 | D53: 系统漏洞 | E53: 中危 | F53: 否 | G53: 无效 | H53: 数据库服务器1（超融合机器） | I53: 未知责任人 | J53: 192.168.9.20 | K53: 192.168.9.20 | L53: 1521 | M53: Oracle: 11.2.0.4 | N53: =_xlfn.XLOOKUP(K53,资产表!C:C,资产表!AG:AG,“”) -> 内网 | O53: 建议修复 | P53: 处置中 | Q53: - | R53: TSS | S53: 45513.007 | T53: 46004.018 | U53: 影响oracle:11.2.0.4版本,11.2.0.3版本,12.1.0.2版本,12.1.0.1版本,11.1.0.7版本 | V53: 厂商补丁:Oracle------Oracle已经为此发布了一个安全公告（cpujul2015-2367936）以及相应补丁:cpujul2015-2367936：Oracle Critical Patch Update Advisory - July 2015链接：http://www.oracle.com/technetwork/topics/security/cpujul2015-2367936.html
A54: 53 | B54: Oracle Enterprise Manager Grid Control Enterprise Manager Base Platform组件安全漏洞(CVE-2016-0449) | C54: 版本比较 | D54: 系统漏洞 | E54: 中危 | F54: 否 | G54: 无效 | H54: 数据库服务器1（超融合机器） | I54: 未知责任人 | J54: 192.168.9.20 | K54: 192.168.9.20 | L54: 1521 | M54: Oracle: 11.2.0.4 | N54: =_xlfn.XLOOKUP(K54,资产表!C:C,资产表!AG:AG,“”) -> 内网 | O54: 建议修复 | P54: 处置中 | Q54: - | R54: TSS | S54: 45513.007 | T54: 46004.018 | U54: 影响oracle:11.1.0.1版本,11.2.0.4版本,12.1.0.4版本,12.1.0.5版本 | V54: 厂商补丁:目前厂商已经发布了升级补丁以修复此安全问题，补丁获取链接：http://www.oracle.com/technetwork/topics/security/cpujan2016-2367955.html | W54: http://www.oracle.com/technetwork/topics/security/cpujan2016-2367955.html
A55: 54 | B55: Oracle Database Server Java VM组件安全漏洞(CVE-2016-0499) | C55: 版本比较 | D55: 系统漏洞 | E55: 高危 | F55: 否 | G55: 无效 | H55: 数据库服务器1（超融合机器） | I55: 未知责任人 | J55: 192.168.9.20 | K55: 192.168.9.20 | L55: 1521 | M55: Oracle: 11.2.0.4 | N55: =_xlfn.XLOOKUP(K55,资产表!C:C,资产表!AG:AG,“”) -> 内网 | O55: 尽快修复 | P55: 处置中 | Q55: - | R55: TSS | S55: 45513.007 | T55: 46004.018 | U55: 影响oracle:11.2.0.4版本,12.1.0.2版本,12.1.0.1版本 | V55: 厂商补丁: 目前厂商已经发布了升级补丁以修复此安全问题，补丁获取链接：http://www.oracle.com/technetwork/topics/security/cpujan2016-2367955.html | W55: http://www.oracle.com/technetwork/topics/security/cpujan2016-2367955.html
A56: 55 | B56: Oracle Enterprise Manager Grid Control 远程安全漏洞(CVE-2016-0691) | C56: 版本比较 | D56: 系统漏洞 | E56: 低危 | F56: 否 | G56: 无效 | H56: 数据库服务器1（超融合机器） | I56: 未知责任人 | J56: 192.168.9.20 | K56: 192.168.9.20 | L56: 1521 | M56: Oracle: 11.2.0.4 | N56: =_xlfn.XLOOKUP(K56,资产表!C:C,资产表!AG:AG,“”) -> 内网 | O56: 建议修复 | P56: 处置中 | Q56: - | R56: TSS | S56: 45513.007 | T56: 46004.018 | U56: 影响oracle:11.2.0.4版本,12.1.0.2版本,12.1.0.1版本 | V56: 厂商补丁：Oracle------目前厂商已经发布了升级补丁以修复此安全问题，补丁获取链接： http://www.oracle.com/technetwork/security-advisory/cpuapr2016v3-2985753.html
A57: 56 | B57: Oracle Database 远程安全漏洞(CVE-2014-2408) | C57: 版本比较 | D57: 系统漏洞 | E57: 中危 | F57: 否 | G57: 无效 | H57: 数据库服务器1（超融合机器） | I57: 未知责任人 | J57: 192.168.9.20 | K57: 192.168.9.20 | L57: 1521 | M57: Oracle: 11.2.0.4 | N57: =_xlfn.XLOOKUP(K57,资产表!C:C,资产表!AG:AG,“”) -> 内网 | O57: 建议修复 | P57: 处置中 | Q57: - | R57: TSS | S57: 45513.007 | T57: 46004.018 | U57: 影响oracle:11.2.0.3版本,11.2.0.4版本,11.1.0.7版本,12.1.0.1版本 | V57: 厂商补丁：Oracle------Oracle已经为此发布了一个安全公告（cpuapr2014-1972952）以及相应补丁:cpuapr2014-1972952：Oracle Critical Patch Update Advisory - April 2014链接：http://www.oracle.com/technetwork/topics/security/cpuapr2014-1972952.html https://support.oracle.com/rs?type=doc&id=1618213.1
A58: 57 | B58: Oracle Database Server 安全漏洞(CVE-2014-2478) | C58: 版本比较 | D58: 系统漏洞 | E58: 低危 | F58: 否 | G58: 无效 | H58: 数据库服务器1（超融合机器） | I58: 未知责任人 | J58: 192.168.9.20 | K58: 192.168.9.20 | L58: 1521 | M58: Oracle: 11.2.0.4 | N58: =_xlfn.XLOOKUP(K58,资产表!C:C,资产表!AG:AG,“”) -> 内网 | O58: 建议修复 | P58: 处置中 | Q58: - | R58: TSS | S58: 45513.007 | T58: 46004.018 | U58: 影响oracle:11.1.0.7版本,11.2.0.3版本,11.2.0.4版本,12.1.0.1版本 | V58: 目前厂商已经发布了升级补丁以修复此安全问题，补丁获取链接：http://www.oracle.com/technetwork/topics/security/cpuoct2014-1972960.html | W58: https://www.oracle.com/security-alerts/cpuoct2014verbose.html https://cve.mitre.org/cgi-bin/cvename.cgi?name=CVE-2014-2478 https://www.cnvd.org.cn/flaw/show/CNVD-2014-07130
A59: 58 | B59: Oracle Database Server Jpublisher组件安全漏洞(CVE-2014-4290) | C59: 版本比较 | D59: 系统漏洞 | E59: 中危 | F59: 否 | G59: 无效 | H59: 数据库服务器1（超融合机器） | I59: 未知责任人 | J59: 192.168.9.20 | K59: 192.168.9.20 | L59: 1521 | M59: Oracle: 11.2.0.4 | N59: =_xlfn.XLOOKUP(K59,资产表!C:C,资产表!AG:AG,“”) -> 内网 | O59: 建议修复 | P59: 处置中 | Q59: - | R59: TSS | S59: 45513.007 | T59: 46004.018 | U59: 影响oracle:11.1.0.7版本,11.2.0.3版本,11.2.0.4版本,12.1.0.1版本,12.1.0.2版本 | V59: 目前厂商已经发布了升级补丁以修复此安全问题，补丁获取链接：http://www.oracle.com/technetwork/topics/security/cpuoct2014-1972960.html | W59: http://www.oracle.com/technetwork/topics/security/cpuoct2014-1972960.html https://cve.mitre.org/cgi-bin/cvename.cgi?name=CVE-2014-4290 https://www.cnvd.org.cn/flaw/show/CNVD-2014-07115
A60: 59 | B60: Oracle Database Server Jpublisher组件安全漏洞(CVE-2014-4291) | C60: 版本比较 | D60: 系统漏洞 | E60: 中危 | F60: 否 | G60: 无效 | H60: 数据库服务器1（超融合机器） | I60: 未知责任人 | J60: 192.168.9.20 | K60: 192.168.9.20 | L60: 1521 | M60: Oracle: 11.2.0.4 | N60: =_xlfn.XLOOKUP(K60,资产表!C:C,资产表!AG:AG,“”) -> 内网 | O60: 建议修复 | P60: 处置中 | Q60: - | R60: TSS | S60: 45513.007 | T60: 46004.018 | U60: 影响oracle:11.1.0.7版本,11.2.0.3版本,11.2.0.4版本,12.1.0.1版本,12.1.0.2版本 | V60: 目前厂商已经发布了升级补丁以修复此安全问题，补丁获取链接：http://www.oracle.com/technetwork/topics/security/cpuoct2014-1972960.html | W60: http://www.oracle.com/technetwork/topics/security/cpuoct2014-1972960.html https://cve.mitre.org/cgi-bin/cvename.cgi?name=CVE-2014-4291 https://www.cnvd.org.cn/flaw/show/CNVD-2014-07267
A61: 60 | B61: Oracle Database Server Jpublisher组件安全漏洞(CVE-2014-4292) | C61: 版本比较 | D61: 系统漏洞 | E61: 中危 | F61: 否 | G61: 无效 | H61: 数据库服务器1（超融合机器） | I61: 未知责任人 | J61: 192.168.9.20 | K61: 192.168.9.20 | L61: 1521 | M61: Oracle: 11.2.0.4 | N61: =_xlfn.XLOOKUP(K61,资产表!C:C,资产表!AG:AG,“”) -> 内网 | O61: 建议修复 | P61: 处置中 | Q61: - | R61: TSS | S61: 45513.007 | T61: 46004.018 | U61: 影响oracle:11.1.0.7版本,11.2.0.3版本,11.2.0.4版本,12.1.0.1版本,12.1.0.2版本 | V61: 目前厂商已经发布了升级补丁以修复此安全问题，补丁获取链接：http://www.oracle.com/technetwork/topics/security/cpuoct2014-1972960.html | W61: http://www.oracle.com/technetwork/topics/security/cpuoct2014-1972960.html https://cve.mitre.org/cgi-bin/cvename.cgi?name=CVE-2014-4292 https://www.cnvd.org.cn/flaw/show/CNVD-2014-06795
A62: 61 | B62: Oracle Database Server Java VM组件安全漏洞(CVE-2014-4295) | C62: 版本比较 | D62: 系统漏洞 | E62: 中危 | F62: 否 | G62: 无效 | H62: 数据库服务器1（超融合机器） | I62: 未知责任人 | J62: 192.168.9.20 | K62: 192.168.9.20 | L62: 1521 | M62: Oracle: 11.2.0.4 | N62: =_xlfn.XLOOKUP(K62,资产表!C:C,资产表!AG:AG,“”) -> 内网 | O62: 建议修复 | P62: 处置中 | Q62: - | R62: TSS | S62: 45513.007 | T62: 46004.018 | U62: 影响oracle:11.1.0.7版本,11.2.0.3版本,11.2.0.4版本,12.1.0.1版本,12.1.0.2版本 | V62: 目前厂商已经发布了升级补丁以修复此安全问题，补丁获取链接：http://www.oracle.com/technetwork/topics/security/cpuoct2014-1972960.html | W62: http://www.oracle.com/technetwork/topics/security/cpuoct2014-1972960.html https://cve.mitre.org/cgi-bin/cvename.cgi?name=CVE-2014-4295 https://www.cnvd.org.cn/flaw/show/CNVD-2014-07264
A63: 62 | B63: Oracle Database Server Jpublisher组件安全漏洞(CVE-2014-4296) | C63: 版本比较 | D63: 系统漏洞 | E63: 中危 | F63: 否 | G63: 无效 | H63: 数据库服务器1（超融合机器） | I63: 未知责任人 | J63: 192.168.9.20 | K63: 192.168.9.20 | L63: 1521 | M63: Oracle: 11.2.0.4 | N63: =_xlfn.XLOOKUP(K63,资产表!C:C,资产表!AG:AG,“”) -> 内网 | O63: 建议修复 | P63: 处置中 | Q63: - | R63: TSS | S63: 45513.007 | T63: 46004.018 | U63: 影响oracle:11.1.0.7版本,11.2.0.3版本,11.2.0.4版本,12.1.0.1版本,12.1.0.2版本 | V63: 目前厂商已经发布了升级补丁以修复此安全问题，补丁获取链接：http://www.oracle.com/technetwork/topics/security/cpuoct2014-1972960.html | W63: http://www.oracle.com/technetwork/topics/security/cpuoct2014-1972960.html https://cve.mitre.org/cgi-bin/cvename.cgi?name=CVE-2014-4296 https://www.cnvd.org.cn/flaw/show/CNVD-2014-07114
A64: 63 | B64: Oracle Database Server SQLJ组件安全漏洞(CVE-2014-4299) | C64: 版本比较 | D64: 系统漏洞 | E64: 中危 | F64: 否 | G64: 无效 | H64: 数据库服务器1（超融合机器） | I64: 未知责任人 | J64: 192.168.9.20 | K64: 192.168.9.20 | L64: 1521 | M64: Oracle: 11.2.0.4 | N64: =_xlfn.XLOOKUP(K64,资产表!C:C,资产表!AG:AG,“”) -> 内网 | O64: 建议修复 | P64: 处置中 | Q64: - | R64: TSS | S64: 45513.007 | T64: 46004.018 | U64: 影响oracle:11.1.0.7版本,11.2.0.3版本,11.2.0.4版本,12.1.0.1版本,12.1.0.2版本 | V64: 目前厂商已经发布了升级补丁以修复此安全问题，补丁获取链接：http://www.oracle.com/technetwork/topics/security/cpuoct2014-1972960.html | W64: http://www.oracle.com/technetwork/topics/security/cpuoct2014-1972960.html https://cve.mitre.org/cgi-bin/cvename.cgi?name=CVE-2014-4299 https://www.cnvd.org.cn/flaw/show/CNVD-2014-07123
A65: 64 | B65: Oracle Database Server SQLJ组件安全漏洞(CVE-2014-6452) | C65: 版本比较 | D65: 系统漏洞 | E65: 中危 | F65: 否 | G65: 无效 | H65: 数据库服务器1（超融合机器） | I65: 未知责任人 | J65: 192.168.9.20 | K65: 192.168.9.20 | L65: 1521 | M65: Oracle: 11.2.0.4 | N65: =_xlfn.XLOOKUP(K65,资产表!C:C,资产表!AG:AG,“”) -> 内网 | O65: 建议修复 | P65: 处置中 | Q65: - | R65: TSS | S65: 45513.007 | T65: 46004.018 | U65: 影响oracle:11.1.0.7版本,11.2.0.3版本,11.2.0.4版本,12.1.0.1版本,12.1.0.2版本 | V65: 目前厂商已经发布了升级补丁以修复此安全问题，补丁获取链接：http://www.oracle.com/technetwork/topics/security/cpuoct2014-1972960.html | W65: http://www.oracle.com/technetwork/topics/security/cpuoct2014-1972960.html https://cve.mitre.org/cgi-bin/cvename.cgi?name=CVE-2014-6452 https://www.cnvd.org.cn/flaw/show/CNVD-2014-07125
A66: 65 | B66: Oracle Database Server SQLJ组件安全漏洞(CVE-2014-6454) | C66: 版本比较 | D66: 系统漏洞 | E66: 中危 | F66: 否 | G66: 无效 | H66: 数据库服务器1（超融合机器） | I66: 未知责任人 | J66: 192.168.9.20 | K66: 192.168.9.20 | L66: 1521 | M66: Oracle: 11.2.0.4 | N66: =_xlfn.XLOOKUP(K66,资产表!C:C,资产表!AG:AG,“”) -> 内网 | O66: 建议修复 | P66: 处置中 | Q66: - | R66: TSS | S66: 45513.007 | T66: 46004.018 | U66: 影响oracle:11.1.0.7版本,11.2.0.3版本,11.2.0.4版本,12.1.0.1版本,12.1.0.2版本 | V66: 目前厂商已经发布了升级补丁以修复此安全问题，补丁获取链接：http://www.oracle.com/technetwork/topics/security/cpuoct2014-1972960.html | W66: http://www.oracle.com/technetwork/topics/security/cpuoct2014-1972960.html https://cve.mitre.org/cgi-bin/cvename.cgi?name=CVE-2014-6454 https://www.cnvd.org.cn/flaw/show/CNVD-2014-07126
A67: 66 | B67: Oracle Database Server SQLJ组件代码执行漏洞(CVE-2014-6455) | C67: 版本比较 | D67: 系统漏洞 | E67: 高危 | F67: 否 | G67: 无效 | H67: 数据库服务器1（超融合机器） | I67: 未知责任人 | J67: 192.168.9.20 | K67: 192.168.9.20 | L67: 1521 | M67: Oracle: 11.2.0.4 | N67: =_xlfn.XLOOKUP(K67,资产表!C:C,资产表!AG:AG,“”) -> 内网 | O67: 尽快修复 | P67: 处置中 | Q67: - | R67: TSS | S67: 45513.007 | T67: 46004.018 | U67: 影响oracle:11.1.0.7版本,11.2.0.3版本,11.2.0.4版本,12.1.0.1版本,12.1.0.2版本 | V67: 厂商补丁：目前Oracle厂商已经发布升级补丁解决此安全问题，补丁获取链接：http://www.oracle.com/technetwork/topics/security/cpuoct2014-1972960.html | W67: https://www.oracle.com/security-alerts/cpuoct2014verbose.html https://cve.mitre.org/cgi-bin/cvename.cgi?name=CVE-2014-6455 https://www.cnvd.org.cn/flaw/show/CNVD-2014-07218 http://www.oracle.com/technetwork/topics/security/cpuoct2014-1972960.html
A68: 67 | B68: Oracle Database Server Java VM组件拒绝服务漏洞(CVE-2014-6537) | C68: 版本比较 | D68: 系统漏洞 | E68: 中危 | F68: 否 | G68: 无效 | H68: 数据库服务器1（超融合机器） | I68: 未知责任人 | J68: 192.168.9.20 | K68: 192.168.9.20 | L68: 1521 | M68: Oracle: 11.2.0.4 | N68: =_xlfn.XLOOKUP(K68,资产表!C:C,资产表!AG:AG,“”) -> 内网 | O68: 建议修复 | P68: 处置中 | Q68: - | R68: TSS | S68: 45513.007 | T68: 46004.018 | U68: 影响oracle:11.1.0.7版本,11.2.0.3版本,11.2.0.4版本,12.1.0.1版本,12.1.0.2版本 | V68: 目前厂商已经发布了升级补丁以修复此安全问题，补丁获取链接：http://www.oracle.com/technetwork/topics/security/cpuoct2014-1972960.html | W68: http://www.oracle.com/technetwork/topics/security/cpuoct2014-1972960.html https://cve.mitre.org/cgi-bin/cvename.cgi?name=CVE-2014-6537 https://www.cnvd.org.cn/flaw/show/CNVD-2014-07263
A69: 68 | B69: Oracle Database Server JDBC组件安全漏洞(CVE-2014-6544) | C69: 版本比较 | D69: 系统漏洞 | E69: 低危 | F69: 否 | G69: 无效 | H69: 数据库服务器1（超融合机器） | I69: 未知责任人 | J69: 192.168.9.20 | K69: 192.168.9.20 | L69: 1521 | M69: Oracle: 11.2.0.4 | N69: =_xlfn.XLOOKUP(K69,资产表!C:C,资产表!AG:AG,“”) -> 内网 | O69: 建议修复 | P69: 处置中 | Q69: - | R69: TSS | S69: 45513.007 | T69: 46004.018 | U69: 影响oracle:11.1.0.7版本,11.2.0.3版本,11.2.0.4版本,12.1.0.1版本 | V69: 目前厂商已经发布了升级补丁以修复此安全问题，补丁获取链接：http://www.oracle.com/technetwork/topics/security/cpuoct2014-1972960.html | W69: http://www.oracle.com/technetwork/topics/security/cpuoct2014-1972960.html https://cve.mitre.org/cgi-bin/cvename.cgi?name=CVE-2014-6544 https://www.cnvd.org.cn/flaw/show/CNVD-2014-07132
... A76: 75 | B76: Oracle Enterprise Manager Grid Control Enterprise Manager for Oracle Database组件安全漏洞(CVE-2015-4735) | C76: 版本比较 | D76: 系统漏洞 | E76: 中危 | F76: 否 | G76: 无效 | H76: 数据库服务器1（超融合机器） | I76: 未知责任人 | J76: 192.168.9.20 | K76: 192.168.9.20 | L76: 1521 | M76: Oracle: 11.2.0.4 | N76: =_xlfn.XLOOKUP(K76,资产表!C:C,资产表!AG:AG,“”) -> 内网 | O76: 建议修复 | P76: 处置中 | Q76: - | R76: TSS | S76: 45513.007 | T76: 46004.018 | U76: 影响oracle:11.2.0.3版本,11.2.0.4版本 | V76: 厂商补丁：Oracle------目前厂商已经发布了升级补丁以修复此安全问题，补丁获取链接：http://www.oracle.com/technetwork/topics/security/cpujul2015-2367936.html | W76: http://www.oracle.com/technetwork/topics/security/cpujul2015-2367936.html
A77: 76 | B77: Oracle Database本地安全漏洞(CVE-2015-4753) | C77: 版本比较 | D77: 系统漏洞 | E77: 低危 | F77: 否 | G77: 无效 | H77: 数据库服务器1（超融合机器） | I77: 未知责任人 | J77: 192.168.9.20 | K77: 192.168.9.20 | L77: 1521 | M77: Oracle: 11.2.0.4 | N77: =_xlfn.XLOOKUP(K77,资产表!C:C,资产表!AG:AG,“”) -> 内网 | O77: 建议修复 | P77: 处置中 | Q77: - | R77: TSS | S77: 45513.007 | T77: 46004.018 | U77: 影响oracle:11.2.0.3版本,11.2.0.4版本,12.1.0.2版本,12.1.0.1版本 | V77: 厂商补丁:Oracle------Oracle已经为此发布了一个安全公告（cpujul2015-2367936）以及相应补丁:cpujul2015-2367936：Oracle Critical Patch Update Advisory - July 2015链接：http://www.oracle.com/technetwork/topics/security/cpujul2015-2367936.html
A78: 77 | B78: Oracle Database Server远程安全漏洞(CVE-2015-4873) | C78: 版本比较 | D78: 系统漏洞 | E78: 高危 | F78: 否 | G78: 无效 | H78: 数据库服务器1（超融合机器） | I78: 未知责任人 | J78: 192.168.9.20 | K78: 192.168.9.20 | L78: 1521 | M78: Oracle: 11.2.0.4 | N78: =_xlfn.XLOOKUP(K78,资产表!C:C,资产表!AG:AG,“”) -> 内网 | O78: 尽快修复 | P78: 处置中 | Q78: - | R78: TSS | S78: 45513.007 | T78: 46004.018 | U78: 影响oracle:11.2.0.4版本,12.1.0.2版本,12.1.0.1版本 | V78: Oracle------Oracle已经为此发布了一个安全公告（cpuoct2015-2367953）以及相应补丁:cpuoct2015-2367953：Oracle Critical Patch Update Advisory - October 2015链接：http://www.oracle.com/technetwork/topics/security/cpuoct2015-2367953.html补丁下载：https://support.oracle.com/rs?type=doc&id=2049800.1
A79: 78 | B79: Oracle Database Server Java VM组件安全漏洞(CVE-2015-4888) | C79: 版本比较 | D79: 系统漏洞 | E79: 中危 | F79: 否 | G79: 无效 | H79: 数据库服务器1（超融合机器） | I79: 未知责任人 | J79: 192.168.9.20 | K79: 192.168.9.20 | L79: 1521 | M79: Oracle: 11.2.0.4 | N79: =_xlfn.XLOOKUP(K79,资产表!C:C,资产表!AG:AG,“”) -> 内网 | O79: 建议修复 | P79: 处置中 | Q79: - | R79: TSS | S79: 45513.007 | T79: 46004.018 | U79: 影响oracle:11.2.0.4版本,12.1.0.2版本,12.1.0.1版本 | V79: Oracle------Oracle已经为此发布了一个安全公告（cpuoct2015-2367953）以及相应补丁:cpuoct2015-2367953：Oracle Critical Patch Update Advisory - October 2015链接：http://www.oracle.com/technetwork/topics/security/cpuoct2015-2367953.html补丁下载：https://support.oracle.com/rs?type=doc&id=2049800.1
A80: 79 | B80: Oracle Database Server远程安全漏洞(CVE-2015-4796) | C80: 版本比较 | D80: 系统漏洞 | E80: 高危 | F80: 否 | G80: 无效 | H80: 数据库服务器1（超融合机器） | I80: 未知责任人 | J80: 192.168.9.20 | K80: 192.168.9.20 | L80: 1521 | M80: Oracle: 11.2.0.4 | N80: =_xlfn.XLOOKUP(K80,资产表!C:C,资产表!AG:AG,“”) -> 内网 | O80: 尽快修复 | P80: 处置中 | Q80: - | R80: TSS | S80: 45513.007 | T80: 46004.018 | U80: 影响oracle:11.2.0.4版本,12.1.0.2版本,12.1.0.1版本 | V80: Oracle------Oracle已经为此发布了一个安全公告（cpuoct2015-2367953）以及相应补丁:cpuoct2015-2367953：Oracle Critical Patch Update Advisory - October 2015链接：http://www.oracle.com/technetwork/topics/security/cpuoct2015-2367953.html补丁下载：https://support.oracle.com/rs?type=doc&id=2049800.1 | W80: https://www.oracle.com/security-alerts/cpuoct2015verbose.html https://cve.mitre.org/cgi-bin/cvename.cgi?name=CVE-2015-4796 https://www.cnvd.org.cn/flaw/show/CNVD-2015-06942
A81: 80 | B81: Oracle Database Server远程安全漏洞(CVE-2015-4863) | C81: 版本比较 | D81: 系统漏洞 | E81: 高危 | F81: 否 | G81: 无效 | H81: 数据库服务器1（超融合机器） | I81: 未知责任人 | J81: 192.168.9.20 | K81: 192.168.9.20 | L81: 1521 | M81: Oracle: 11.2.0.4 | N81: =_xlfn.XLOOKUP(K81,资产表!C:C,资产表!AG:AG,“”) -> 内网 | O81: 尽快修复 | P81: 处置中 | Q81: - | R81: TSS | S81: 45513.007 | T81: 46004.018 | U81: 影响oracle:11.2.0.4版本,12.1.0.2版本,12.1.0.1版本 | V81: Oracle------Oracle已经为此发布了一个安全公告（cpuoct2015-2367953）以及相应补丁:cpuoct2015-2367953：Oracle Critical Patch Update Advisory - October 2015链接：http://www.oracle.com/technetwork/topics/security/cpuoct2015-2367953.html补丁下载：https://support.oracle.com/rs?type=doc&id=2049800.1
A82: 81 | B82: Oracle Database Server XML Developer's Kit for C组件安全漏洞(CVE-2015-4923) | C82: 版本比较 | D82: 系统漏洞 | E82: 中危 | F82: 否 | G82: 无效 | H82: 数据库服务器1（超融合机器） | I82: 未知责任人 | J82: 192.168.9.20 | K82: 192.168.9.20 | L82: 1521 | M82: Oracle: 11.2.0.4 | N82: =_xlfn.XLOOKUP(K82,资产表!C:C,资产表!AG:AG,“”) -> 内网 | O82: 建议修复 | P82: 处置中 | Q82: - | R82: TSS | S82: 45513.007 | T82: 46004.018 | U82: 影响oracle:11.2.0.4版本,12.1.0.2版本,12.1.0.1版本 | V82: 厂商补丁:目前厂商已经发布了升级补丁以修复此安全问题，补丁获取链接：http://www.oracle.com/technetwork/topics/security/cpujan2016-2367955.html | W82: http://www.oracle.com/technetwork/topics/security/cpujan2016-2367955.html
A83: 82 | B83: Oracle Enterprise Manager Grid Control Enterprise Manager Base Platform组件安全漏洞(CVE-2016-0444) | C83: 版本比较 | D83: 系统漏洞 | E83: 中危 | F83: 否 | G83: 无效 | H83: 数据库服务器1（超融合机器） | I83: 未知责任人 | J83: 192.168.9.20 | K83: 192.168.9.20 | L83: 1521 | M83: Oracle: 11.2.0.4 | N83: =_xlfn.XLOOKUP(K83,资产表!C:C,资产表!AG:AG,“”) -> 内网 | O83: 建议修复 | P83: 处置中 | Q83: - | R83: TSS | S83: 45513.007 | T83: 46004.018 | U83: 影响oracle:11.1.0.1版本,11.2.0.4版本,12.1.0.4版本,12.1.0.5版本 | V83: 厂商补丁:目前厂商已经发布了升级补丁以修复此安全问题，补丁获取链接：http://www.oracle.com/technetwork/topics/security/cpujan2016-2367955.html | W83: http://www.oracle.com/technetwork/topics/security/cpujan2016-2367955.html
A84: 83 | B84: Oracle Enterprise Manager Grid Control Enterprise Manager Base Platform组件安全漏洞(CVE-2016-0446) | C84: 版本比较 | D84: 系统漏洞 | E84: 低危 | F84: 否 | G84: 无效 | H84: 数据库服务器1（超融合机器） | I84: 未知责任人 | J84: 192.168.9.20 | K84: 192.168.9.20 | L84: 1521 | M84: Oracle: 11.2.0.4 | N84: =_xlfn.XLOOKUP(K84,资产表!C:C,资产表!AG:AG,“”) -> 内网 | O84: 建议修复 | P84: 处置中 | Q84: - | R84: TSS | S84: 45513.007 | T84: 46004.018 | U84: 影响oracle:11.1.0.1版本,11.2.0.4版本,12.1.0.4版本,12.1.0.5版本 | V84: 厂商补丁:目前厂商已经发布了升级补丁以修复此安全问题，补丁获取链接：http://www.oracle.com/technetwork/topics/security/cpujan2016-2367955.html | W84: http://www.oracle.com/technetwork/topics/security/cpujan2016-2367955.html
A85: 84 | B85: Oracle Database Server XDB - XML Database组件安全漏洞(CVE-2016-0461) | C85: 版本比较 | D85: 系统漏洞 | E85: 中危 | F85: 否 | G85: 无效 | H85: 数据库服务器1（超融合机器） | I85: 未知责任人 | J85: 192.168.9.20 | K85: 192.168.9.20 | L85: 1521 | M85: Oracle: 11.2.0.4 | N85: =_xlfn.XLOOKUP(K85,资产表!C:C,资产表!AG:AG,“”) -> 内网 | O85: 建议修复 | P85: 处置中 | Q85: - | R85: TSS | S85: 45513.007 | T85: 46004.018 | U85: 影响oracle:11.2.0.4版本,12.1.0.2版本,12.1.0.1版本 | V85: 目前厂商已经发布了升级补丁以修复此安全问题，补丁获取链接：http://www.oracle.com/technetwork/topics/security/cpujan2016-2367955.html | W85: http://www.oracle.com/technetwork/topics/security/cpujan2016-2367955.html
A86: 85 | B86: Oracle Database Server Real Application Clusters远程安全漏洞(CVE-2016-2183) | C86: 版本比较 | D86: 系统漏洞 | E86: 高危 | F86: 否 | G86: 无效 | H86: 数据库服务器1（超融合机器） | I86: 未知责任人 | J86: 192.168.9.20 | K86: 192.168.9.20 | L86: 1521 | M86: Oracle: 11.2.0.4 | N86: =_xlfn.XLOOKUP(K86,资产表!C:C,资产表!AG:AG,“”) -> 内网 | O86: 尽快修复 | P86: 处置中 | Q86: - | R86: TSS | S86: 45513.007 | T86: 46004.018 | U86: 影响oracle:11.2.0.4版本,12.1.0.2版本 | V86: 厂商补丁：Oracle已经为此发布了一个安全公告（cpujul2017-3236622）以及相应补丁: cpujul2017-3236622：Oracle Critical Patch Update Advisory - July 2017 链接：http://www.oracle.com/technetwork/security-advisory/cpujul2017-3236622.html | W86: http://www.oracle.com/technetwork/security-advisory/cpujul2017-3236622.html
A87: 86 | B87: Oracle Database Server Portable Clusterware远程安全漏洞(CVE-2016-3479) | C87: 版本比较 | D87: 系统漏洞 | E87: 高危 | F87: 否 | G87: 无效 | H87: 数据库服务器1（超融合机器） | I87: 未知责任人 | J87: 192.168.9.20 | K87: 192.168.9.20 | L87: 1521 | M87: Oracle: 11.2.0.4 | N87: =_xlfn.XLOOKUP(K87,资产表!C:C,资产表!AG:AG,“”) -> 内网 | O87: 尽快修复 | P87: 处置中 | Q87: - | R87: TSS | S87: 45513.007 | T87: 46004.018 | U87: 影响oracle:11.2.0.4版本,12.1.0.2版本 | V87: 厂商补丁：Oracle已经为此发布了一个安全公告（cpujul2016-2881720）以及相应补丁: cpujul2016-2881720：Oracle Critical Patch Update Advisory - July 2016 链接：http://www.oracle.com/technetwork/security-advisory/cpujul2016-2881720.html | W87: https://www.oracle.com/security-alerts/cpujul2016verbose.html https://cve.mitre.org/cgi-bin/cvename.cgi?name=CVE-2016-3479 https://www.cnvd.org.cn/flaw/show/CNVD-2016-05189 https://www.oracle.com/security-alerts/cpujul2016.html#AppendixDB
A88: 87 | B88: Oracle Database Server OJVM远程安全漏洞(CVE-2016-3609) | C88: 版本比较 | D88: 系统漏洞 | E88: 高危 | F88: 否 | G88: 无效 | H88: 数据库服务器1（超融合机器） | I88: 未知责任人 | J88: 192.168.9.20 | K88: 192.168.9.20 | L88: 1521 | M88: Oracle: 11.2.0.4 | N88: =_xlfn.XLOOKUP(K88,资产表!C:C,资产表!AG:AG,“”) -> 内网 | O88: 尽快修复 | P88: 处置中 | Q88: - | R88: TSS | S88: 45513.007 | T88: 46004.018 | U88: 影响oracle:11.2.0.4版本,12.1.0.2版本,12.1.0.1版本 | V88: 厂商补丁: Oracle已经为此发布了一个安全公告（cpujul2016-2881720）以及相应补丁: cpujul2016-2881720：Oracle Critical Patch Update Advisory - July 2016 链接：http://www.oracle.com/technetwork/security-advisory/cpujul2016-2881720.html | W88: http://www.oracle.com/technetwork/security-advisory/cpujul2016-2881720.html
A89: 88 | B89: Oracle Database Server本地安全漏洞(CVE-2016-5499) | C89: 版本比较 | D89: 系统漏洞 | E89: 低危 | F89: 否 | G89: 无效 | H89: 数据库服务器1（超融合机器） | I89: 未知责任人 | J89: 192.168.9.20 | K89: 192.168.9.20 | L89: 1521 | M89: Oracle: 11.2.0.4 | N89: =_xlfn.XLOOKUP(K89,资产表!C:C,资产表!AG:AG,“”) -> 内网 | O89: 建议修复 | P89: 处置中 | Q89: - | R89: TSS | S89: 45513.007 | T89: 46004.018 | U89: 影响oracle:11.2.0.4版本,12.1.0.2版本 | V89: 厂商补丁：Oracle------Oracle已经为此发布了一个安全公告（cpuoct2016-2881722）以及相应补丁:cpuoct2016-2881722：Oracle Critical Patch Update Advisory - October 2016链接：http://www.oracle.com/technetwork/security-advisory/cpuoct2016-2881722.html | W89: https://cve.mitre.org/cgi-bin/cvename.cgi?name=CVE-2016-5499 https://www.cnvd.org.cn/flaw/show/CNVD-2016-09696
A90: 89 | B90: Oracle Database Server 本地安全漏洞（CVE-2017-10190） | C90: 版本比较 | D90: 系统漏洞 | E90: 高危 | F90: 否 | G90: 无效 | H90: 数据库服务器1（超融合机器） | I90: 未知责任人 | J90: 192.168.9.20 | K90: 192.168.9.20 | L90: 1521 | M90: Oracle: 11.2.0.4 | N90: =_xlfn.XLOOKUP(K90,资产表!C:C,资产表!AG:AG,“”) -> 内网 | O90: 尽快修复 | P90: 处置中 | Q90: - | R90: TSS | S90: 45513.007 | T90: 46004.018 | U90: 影响oracle:11.2.0.4版本,12.2.0.1版本,12.1.0.2版本 | V90: 厂商补丁: Oracle已经为此发布了一个安全公告（cpuoct2017-3236626）以及相应补丁: cpuoct2017-3236626：Oracle Critical Patch Update Advisory - October 2017 链接：http://www.oracle.com/technetwork/security-advisory/cpuoct2017-3236626.html | W90: https://www.oracle.com/security-alerts/cpuoct2017verbose.html https://cve.mitre.org/cgi-bin/cvename.cgi?name=CVE-2017-10190 https://www.cnvd.org.cn/flaw/show/CNVD-2017-30893
A91: 90 | B91: Oracle Database Server Data Pump Import本地安全漏洞(CVE-2016-3489) | C91: 版本比较 | D91: 系统漏洞 | E91: 中危 | F91: 否 | G91: 无效 | H91: 数据库服务器1（超融合机器） | I91: 未知责任人 | J91: 192.168.9.20 | K91: 192.168.9.20 | L91: 1521 | M91: Oracle: 11.2.0.4 | N91: =_xlfn.XLOOKUP(K91,资产表!C:C,资产表!AG:AG,“”) -> 内网 | O91: 建议修复 | P91: 处置中 | Q91: - | R91: TSS | S91: 45513.007 | T91: 46004.018 | U91: 影响oracle:11.2.0.4版本,12.1.0.2版本,12.1.0.1版本 | V91: 厂商补丁:Oracle------Oracle已经为此发布了一个安全公告（cpujul2016-2881720）以及相应补丁:cpujul2016-2881720：Oracle Critical Patch Update Advisory - July 2016链接：http://www.oracle.com/technetwork/security-advisory/cpujul2016-2881720.html
A92: 91 | B92: Oracle Database Server本地安全漏洞(CVE-2016-5498) | C92: 版本比较 | D92: 系统漏洞 | E92: 低危 | F92: 否 | G92: 无效 | H92: 数据库服务器1（超融合机器） | I92: 未知责任人 | J92: 192.168.9.20 | K92: 192.168.9.20 | L92: 1521 | M92: Oracle: 11.2.0.4 | N92: =_xlfn.XLOOKUP(K92,资产表!C:C,资产表!AG:AG,“”) -> 内网 | O92: 建议修复 | P92: 处置中 | Q92: - | R92: TSS | S92: 45513.007 | T92: 46004.018 | U92: 影响oracle:11.2.0.4版本,12.1.0.2版本 | V92: 厂商补丁：Oracle------Oracle已经为此发布了一个安全公告（cpuoct2016-2881722）以及相应补丁:cpuoct2016-2881722：Oracle Critical Patch Update Advisory - October 2016链接：http://www.oracle.com/technetwork/security-advisory/cpuoct2016-2881722.html | W92: https://cve.mitre.org/cgi-bin/cvename.cgi?name=CVE-2016-5498 https://www.cnvd.org.cn/flaw/show/CNVD-2016-09794
A93: 92 | B93: Oracle Database Server本地安全漏洞(CVE-2016-5505) | C93: 版本比较 | D93: 系统漏洞 | E93: 中危 | F93: 否 | G93: 无效 | H93: 数据库服务器1（超融合机器） | I93: 未知责任人 | J93: 192.168.9.20 | K93: 192.168.9.20 | L93: 1521 | M93: Oracle: 11.2.0.4 | N93: =_xlfn.XLOOKUP(K93,资产表!C:C,资产表!AG:AG,“”) -> 内网 | O93: 建议修复 | P93: 处置中 | Q93: - | R93: TSS | S93: 45513.007 | T93: 46004.018 | U93: 影响oracle:11.2.0.4版本,12.1.0.2版本 | V93: 厂商补丁：Oracle------Oracle已经为此发布了一个安全公告（cpuoct2016-2881722）以及相应补丁:cpuoct2016-2881722：Oracle Critical Patch Update Advisory - October 2016链接：http://www.oracle.com/technetwork/security-advisory/cpuoct2016-2881722.html | W93: https://cve.mitre.org/cgi-bin/cvename.cgi?name=CVE-2016-5505 https://www.cnvd.org.cn/flaw/show/CNVD-2016-09904
A94: 93 | B94: Oracle Database Server远程安全漏洞(CVE-2015-4900) | C94: 版本比较 | D94: 系统漏洞 | E94: 中危 | F94: 否 | G94: 无效 | H94: 数据库服务器1（超融合机器） | I94: 未知责任人 | J94: 192.168.9.20 | K94: 192.168.9.20 | L94: 1521 | M94: Oracle: 11.2.0.4 | N94: =_xlfn.XLOOKUP(K94,资产表!C:C,资产表!AG:AG,“”) -> 内网 | O94: 建议修复 | P94: 处置中 | Q94: - | R94: TSS | S94: 45513.007 | T94: 46004.018 | U94: 影响oracle:11.2.0.4版本,12.1.0.2版本,12.1.0.1版本 | V94: Oracle------Oracle已经为此发布了一个安全公告（cpuoct2015-2367953）以及相应补丁:cpuoct2015-2367953：Oracle Critical Patch Update Advisory - October 2015链接：http://www.oracle.com/technetwork/topics/security/cpuoct2015-2367953.html补丁下载：https://support.oracle.com/rs?type=doc&id=2049800.1
A95: 94 | B95: Oracle Database Server Database Vault组件安全漏洞(CVE-2015-4921) | C95: 版本比较 | D95: 系统漏洞 | E95: 中危 | F95: 否 | G95: 无效 | H95: 数据库服务器1（超融合机器） | I95: 未知责任人 | J95: 192.168.9.20 | K95: 192.168.9.20 | L95: 1521 | M95: Oracle: 11.2.0.4 | N95: =_xlfn.XLOOKUP(K95,资产表!C:C,资产表!AG:AG,“”) -> 内网 | O95: 建议修复 | P95: 处置中 | Q95: - | R95: TSS | S95: 45513.007 | T95: 46004.018 | U95: 影响oracle:11.2.0.4版本,12.1.0.2版本,12.1.0.1版本 | V95: 厂商补丁:目前厂商已经发布了升级补丁以修复此安全问题，补丁获取链接：http://www.oracle.com/technetwork/topics/security/cpujan2016-2367955.html | W95: http://www.oracle.com/technetwork/topics/security/cpujan2016-2367955.html
A96: 95 | B96: Oracle Database Server Workspace Manager组件安全漏洞(CVE-2015-4925) | C96: 版本比较 | D96: 系统漏洞 | E96: 中危 | F96: 否 | G96: 无效 | H96: 数据库服务器1（超融合机器） | I96: 未知责任人 | J96: 192.168.9.20 | K96: 192.168.9.20 | L96: 1521 | M96: Oracle: 11.2.0.4 | N96: =_xlfn.XLOOKUP(K96,资产表!C:C,资产表!AG:AG,“”) -> 内网 | O96: 建议修复 | P96: 处置中 | Q96: - | R96: TSS | S96: 45513.007 | T96: 46004.018 | U96: 影响oracle:11.2.0.4版本 | V96: 厂商补丁:目前厂商已经发布了升级补丁以修复此安全问题，补丁获取链接：http://www.oracle.com/technetwork/topics/security/cpujan2016-2367955.html | W96: http://www.oracle.com/technetwork/topics/security/cpujan2016-2367955.html
A97: 96 | B97: Oracle Enterprise Manager Grid Control Enterprise Manager Base Platform组件安全漏洞(CVE-2016-0411) | C97: 版本比较 | D97: 系统漏洞 | E97: 中危 | F97: 否 | G97: 无效 | H97: 数据库服务器1（超融合机器） | I97: 未知责任人 | J97: 192.168.9.20 | K97: 192.168.9.20 | L97: 1521 | M97: Oracle: 11.2.0.4 | N97: =_xlfn.XLOOKUP(K97,资产表!C:C,资产表!AG:AG,“”) -> 内网 | O97: 建议修复 | P97: 处置中 | Q97: - | R97: TSS | S97: 45513.007 | T97: 46004.018 | U97: 影响oracle:11.2.0.4版本,11.1.0.1版本 | V97: 厂商补丁:目前厂商已经发布了升级补丁以修复此安全问题，补丁获取链接：http://www.oracle.com/technetwork/topics/security/cpujan2016-2367955.html | W97: http://www.oracle.com/technetwork/topics/security/cpujan2016-2367955.html
A98: 97 | B98: Oracle Enterprise Manager Grid Control Enterprise Manager Base Platform组件安全漏洞(CVE-2016-0427) | C98: 版本比较 | D98: 系统漏洞 | E98: 中危 | F98: 否 | G98: 无效 | H98: 数据库服务器1（超融合机器） | I98: 未知责任人 | J98: 192.168.9.20 | K98: 192.168.9.20 | L98: 1521 | M98: Oracle: 11.2.0.4 | N98: =_xlfn.XLOOKUP(K98,资产表!C:C,资产表!AG:AG,“”) -> 内网 | O98: 建议修复 | P98: 处置中 | Q98: - | R98: TSS | S98: 45513.007 | T98: 46004.018 | U98: 影响oracle:11.1.0.1版本,11.2.0.4版本,12.1.0.4版本,12.1.0.5版本 | V98: 厂商补丁:目前厂商已经发布了升级补丁以修复此安全问题，补丁获取链接：http://www.oracle.com/technetwork/topics/security/cpujan2016-2367955.html | W98: http://www.oracle.com/technetwork/topics/security/cpujan2016-2367955.html
A99: 98 | B99: Oracle Enterprise Manager Grid Control Enterprise Manager Base Platform组件安全漏洞(CVE-2016-0445) | C99: 版本比较 | D99: 系统漏洞 | E99: 中危 | F99: 否 | G99: 无效 | H99: 数据库服务器1（超融合机器） | I99: 未知责任人 | J99: 192.168.9.20 | K99: 192.168.9.20 | L99: 1521 | M99: Oracle: 11.2.0.4 | N99: =_xlfn.XLOOKUP(K99,资产表!C:C,资产表!AG:AG,“”) -> 内网 | O99: 建议修复 | P99: 处置中 | Q99: - | R99: TSS | S99: 45513.007 | T99: 46004.018 | U99: 影响oracle:11.1.0.1版本,11.2.0.4版本,12.1.0.4版本,12.1.0.5版本 | V99: 厂商补丁:目前厂商已经发布了升级补丁以修复此安全问题，补丁获取链接：http://www.oracle.com/technetwork/topics/security/cpujan2016-2367955.html | W99: http://www.oracle.com/technetwork/topics/security/cpujan2016-2367955.html
A100: 99 | B100: Oracle Enterprise Manager Grid Control Enterprise Manager Base Platform组件安全漏洞(CVE-2016-0447) | C100: 版本比较 | D100: 系统漏洞 | E100: 中危 | F100: 否 | G100: 无效 | H100: 数据库服务器1（超融合机器） | I100: 未知责任人 | J100: 192.168.9.20 | K100: 192.168.9.20 | L100: 1521 | M100: Oracle: 11.2.0.4 | N100: =_xlfn.XLOOKUP(K100,资产表!C:C,资产表!AG:AG,“”) -> 内网 | O100: 建议修复 | P100: 处置中 | Q100: - | R100: TSS | S100: 45513.007 | T100: 46004.018 | U100: 影响oracle:11.1.0.1版本,11.2.0.4版本,12.1.0.4版本,12.1.0.5版本 | V100: 厂商补丁:目前厂商已经发布了升级补丁以修复此安全问题，补丁获取链接：http://www.oracle.com/technetwork/topics/security/cpujan2016-2367955.html | W100: http://www.oracle.com/technetwork/topics/security/cpujan2016-2367955.html
A101: 100 | B101: Oracle Enterprise Manager Grid Control Enterprise Manager Base Platform组件安全漏洞(CVE-2016-0455) | C101: 版本比较 | D101: 系统漏洞 | E101: 中危 | F101: 否 | G101: 无效 | H101: 数据库服务器1（超融合机器） | I101: 未知责任人 | J101: 192.168.9.20 | K101: 192.168.9.20 | L101: 1521 | M101: Oracle: 11.2.0.4 | N101: =_xlfn.XLOOKUP(K101,资产表!C:C,资产表!AG:AG,“”) -> 内网 | O101: 建议修复 | P101: 处置中 | Q101: - | R101: TSS | S101: 45513.007 | T101: 46004.018 | U101: 影响oracle:11.1.0.1版本,11.2.0.4版本,12.1.0.4版本,12.1.0.5版本 | V101: 厂商补丁:目前厂商已经发布了升级补丁以修复此安全问题，补丁获取链接：http://www.oracle.com/technetwork/topics/security/cpujan2016-2367955.html | W101: http://www.oracle.com/technetwork/topics/security/cpujan2016-2367955.html
A102: 101 | B102: Oracle Database Server Security组件安全漏洞(CVE-2016-0467) | C102: 版本比较 | D102: 系统漏洞 | E102: 中危 | F102: 否 | G102: 无效 | H102: 数据库服务器1（超融合机器） | I102: 未知责任人 | J102: 192.168.9.20 | K102: 192.168.9.20 | L102: 1521 | M102: Oracle: 11.2.0.4 | N102: =_xlfn.XLOOKUP(K102,资产表!C:C,资产表!AG:AG,“”) -> 内网 | O102: 建议修复 | P102: 处置中 | Q102: - | R102: TSS | S102: 45513.007 | T102: 46004.018 | U102: 影响oracle:11.2.0.4版本,12.1.0.2版本,12.1.0.1版本 | V102: 目前厂商已经发布了升级补丁以修复此安全问题，补丁获取链接：http://www.oracle.com/technetwork/topics/security/cpujan2016-2367955.html | W102: http://www.oracle.com/technetwork/topics/security/cpujan2016-2367955.html
A103: 102 | B103: Oracle Database Server XDB - XML Database组件安全漏洞(CVE-2016-0472) | C103: 版本比较 | D103: 系统漏洞 | E103: 中危 | F103: 否 | G103: 无效 | H103: 数据库服务器1（超融合机器） | I103: 未知责任人 | J103: 192.168.9.20 | K103: 192.168.9.20 | L103: 1521 | M103: Oracle: 11.2.0.4 | N103: =_xlfn.XLOOKUP(K103,资产表!C:C,资产表!AG:AG,“”) -> 内网 | O103: 建议修复 | P103: 处置中 | Q103: - | R103: TSS | S103: 45513.007 | T103: 46004.018 | U103: 影响oracle:11.2.0.4版本,12.1.0.2版本,12.1.0.1版本 | V103: 目前厂商已经发布了升级补丁以修复此安全问题，补丁获取链接：http://www.oracle.com/technetwork/topics/security/cpujan2016-2367955.html | W103: http://www.oracle.com/technetwork/topics/security/cpujan2016-2367955.html
A104: 103 | B104: Oracle Enterprise Manager Grid Control Enterprise Manager for Oracle Database组件安全漏洞(CVE-2016-0681) | C104: 版本比较 | D104: 系统漏洞 | E104: 高危 | F104: 否 | G104: 无效 | H104: 数据库服务器1（超融合机器） | I104: 未知责任人 | J104: 192.168.9.20 | K104: 192.168.9.20 | L104: 1521 | M104: Oracle: 11.2.0.4 | N104: =_xlfn.XLOOKUP(K104,资产表!C:C,资产表!AG:AG,“”) -> 内网 | O104: 尽快修复 | P104: 处置中 | Q104: - | R104: TSS | S104: 45513.007 | T104: 46004.018 | U104: 影响oracle:11.2.0.4版本,12.1.0.2版本,12.1.0.1版本 | V104: 厂商补丁：目前Oracle厂商已经发布了升级补丁以修复此安全问题，补丁获取链接：http://www.oracle.com/technetwork/security-advisory/cpuapr2016v3-2985753.html | W104: http://www.oracle.com/technetwork/security-advisory/cpuapr2016v3-2985753.html
A105: 104 | B105: Oracle Database Server RDBMS Security组件安全漏洞(CVE-2016-0690) | C105: 版本比较 | D105: 系统漏洞 | E105: 低危 | F105: 否 | G105: 无效 | H105: 数据库服务器1（超融合机器） | I105: 未知责任人 | J105: 192.168.9.20 | K105: 192.168.9.20 | L105: 1521 | M105: Oracle: 11.2.0.4 | N105: =_xlfn.XLOOKUP(K105,资产表!C:C,资产表!AG:AG,“”) -> 内网 | O105: 建议修复 | P105: 处置中 | Q105: - | R105: TSS | S105: 45513.007 | T105: 46004.018 | U105: 影响oracle:11.2.0.4版本,12.1.0.2版本,12.1.0.1版本 | V105: 厂商补丁：Oracle------目前厂商已经发布了升级补丁以修复此安全问题，补丁获取链接： http://www.oracle.com/technetwork/security-advisory/cpuapr2016v3-2985753.html | W105: http://www.oracle.com/technetwork/topics/security/cpujul2015-2367936.html
A106: 105 | B106: Oracle Database Server Java VM组件安全漏洞(CVE-2016-3454) | C106: 版本比较 | D106: 系统漏洞 | E106: 高危 | F106: 否 | G106: 无效 | H106: 数据库服务器1（超融合机器） | I106: 未知责任人 | J106: 192.168.9.20 | K106: 192.168.9.20 | L106: 1521 | M106: Oracle: 11.2.0.4 | N106: =_xlfn.XLOOKUP(K106,资产表!C:C,资产表!AG:AG,“”) -> 内网 | O106: 尽快修复 | P106: 处置中 | Q106: - | R106: TSS | S106: 45513.007 | T106: 46004.018 | U106: 影响oracle:11.2.0.4版本,12.1.0.2版本,12.1.0.1版本 | V106: 厂商补丁：Oracle已经为此发布了一个安全公告（cpuapr2016v3-2985753）以及相应补丁: cpuapr2016v3-2985753：Oracle Critical Patch Update Advisory - April 2016 链接：http://www.oracle.com/technetwork/security-advisory/cpuapr2016v3-2985753.html | W106: http://www.oracle.com/technetwork/security-advisory/cpuapr2016v3-2985753.html
...

Sheet 弱密码

Sheet 告警表
A1: 告警名称 | B1: 告警优先级 | C1: 主机IP | D1: 威胁类型 | E1: 告警状态 | F1: 告警ID | G1: 服务组 | H1: 主机名称 | I1: 设备 | J1: IOC | K1: 告警标签 | L1: 首次触发时间 | M1: 最近触发时间 | N1: 处理人 | O1: 事件ID | P1: 威胁等级 | Q1: 失陷情况 | R1: 源IP | S1: 目的IP | T1: XFF IP | U1: USECASE ID | V1: 服务类型 | W1: 资产类别 | X1: 资产信息 | Y1: 服务经理 | Z1: 创建时间 | AA1: 实际处理人 | AB1: 同步状态 | AC1: 场景标签 | AD1: 攻击结果 | AE1: 访问方向 | AF1: 确定性等级 | AG1: 审核时长 | AH1: 操作时间 | AI1: 任务名称 | AJ1: sip联动状态 | AK1: 源端口 | AL1: 目的端口 | AM1: 协议 | AN1: 审核id | AO1: 拦截情况 | AP1: Sla | AQ1: 审核到期时间 | AR1: 可信度 | AS1: 驳回事件ID | AT1: 驳回人 | AU1: 驳回原因
A2: 主机遭受web攻击 | B2: 中 | C2: 172.16.5.31 | D2: 外部威胁>web攻击 | E2: 已忽略（自动） | F2: 69b935d28ccf7e4eb1e4b944 | G2: 价值交付三组 | I2: sta | J2: oa.haiheangroup.com:88/emp/api/log/record | K2: 自定义usecase、安全分析中台引擎 | L2: 46098.796 | M2: 46098.796 | N2: 李想 | P2: 中 | R2: 223.105.69.200 | S2: 172.16.5.31 | U2: T20240118201716341 | V2: 服务内 (7*24H) | W2: 服务器 | X2: 上海园区MSS资产>泛微oa系统-应用服务器 | Y2: 郭永斌 | Z2: 46098.797 | AB2: 正常 | AD2: 失败 | AE2: 外-内 | AG2: 0天0时0分2秒 | AH2: 46098.797 | AM2: http | AO2: 全部未知 | AP2: 30min | AQ2: 46098.817 | AR2: 高可信
A3: 泛微OA后台管理页面暴露在公网 | B3: 低 | C3: 172.16.5.31 | D3: 脆弱性>敏感页面暴露 | E3: 已忽略（自动） | F3: 69b91cf4741d8d2486b94e68 | G3: 价值交付三组 | I3: sta | J3: oa.haiheangroup.com:8788/api/hrm/login/checkLogin | K3: 脆弱性、安全分析中台引擎 | L3: 46098.722 | M3: 46098.79 | N3: 姚金鑫 | P3: 低 | R3: 27.17.5.74 | S3: 172.16.5.31 | U3: T20221108090812259 | V3: 服务内 (7*24H) | W3: 服务器 | X3: 上海园区MSS资产>泛微oa系统-应用服务器 | Y3: 郭永斌 | Z3: 46098.723 | AA3: MSSP | AB3: 正常 | AD3: 成功 | AE3: 外-内 | AG3: 0天0时0分1秒 | AH3: 46098.723 | AK3: 54470 | AL3: 8788 | AM3: http | AN3: 67f76f1630da8824bbe523c5 | AO3: 全部未知 | AP3: 30min | AQ3: 46098.744 | AR3: 中可信
A4: 弱口令登录成功 | B4: 中 | C4: 172.16.5.31 | D4: 脆弱性>账号安全 | E4: 已忽略（自动） | F4: 69b80810444e5db4916e0a76 | G4: 价值交付三组 | I4: sta | J4: oa.haiheangroup.com:8788/api/hrm/login/checkLogin | K4: 安全分析中台引擎 | L4: 46097.902 | M4: 46098.79 | N4: 李想 | P4: 中 | R4: 60.209.202.180 | S4: 172.16.5.31 | U4: T20240625103030429 | V4: 服务内 (7*24H) | W4: 服务器 | X4: 上海园区MSS资产>泛微oa系统-应用服务器 | Y4: 郭永斌 | Z4: 46097.902 | AA4: MSSP | AB4: 正常 | AD4: 成功 | AE4: 外-内 | AG4: 0天0时0分1秒 | AH4: 46097.902 | AM4: http | AN4: 665f1228c5c67f4645b0a64b | AO4: 全部未知 | AP4: 30min | AQ4: 46097.923 | AR4: 中可信
A5: 主机遭受web攻击 | B5: 中 | C5: 172.16.5.31 | D5: 外部威胁>web攻击 | E5: 已忽略（自动） | F5: 69b91b6553b3105a30007dec | G5: 价值交付三组 | I5: af | J5: oa.haiheangroup.com:8788/api/systemViewLog/home/InsertSystemPageViewLog | K5: 自定义usecase、安全分析中台引擎 | L5: 46098.718 | M5: 46098.724 | N5: 安宏祥 | P5: 中 | R5: 219.147.9.110 | S5: 172.16.5.31 | U5: T20240118201716341 | V5: 服务内 (7*24H) | W5: 服务器 | X5: 上海园区MSS资产>泛微oa系统-应用服务器 | Y5: 郭永斌 | Z5: 46098.718 | AB5: 正常 | AD5: 失败 | AE5: 外-内 | AG5: 0天0时0分3秒 | AH5: 46098.718 | AM5: http | AO5: 全部未知 | AP5: 30min | AQ5: 46098.739 | AR5: 高可信
A6: 主机存在感染挖矿家族minepool | B6: 低 | C6: 192.168.1.7 | D6: 内部威胁>挖矿 | E6: 已忽略（自动） | F6: 69b7b5e2a56cdc6fb96705fd | G6: 价值交付三组 | I6: XDR_af | J6: waterhole.io | K6: APEX-GPT引擎 | L6: 46048.609 | M6: 46098.722 | P6: 高 | R6: 192.168.1.7 | S6: 219.147.1.66 | T6: - | U6: 8eae36450000 | V6: 服务外 | W6: 终端 | X6: 天津园区MSS资产>青岛办公pc或监控 | Y6: 郭永斌 | Z6: 46097.659 | AA6: MSSP | AB6: 正常 | AD6: 失陷 | AE6: 内-外 | AG6: 0天0时0分5秒 | AH6: 46097.659 | AK6: 51847 | AL6: 53 | AM6: udp | AN6: 66ac46f31af7a614fd65393e | AP6: 30min | AQ6: 46097.68 | AR6: 高可信
A7: 泛微OA后台管理页面暴露在公网 | B7: 低 | C7: 172.16.5.31 | D7: 脆弱性>敏感页面暴露 | E7: 已忽略（自动） | F7: 69b7c941741d8d2486b92737 | G7: 价值交付三组 | I7: sta | J7: oa.haiheangroup.com:8788/api/hrm/login/checkLogin | K7: 脆弱性、安全分析中台引擎 | L7: 46097.715 | M7: 46098.71 | N7: 安宏祥 | P7: 低 | R7: 219.147.9.110 | S7: 172.16.5.31 | U7: T20221108090812259 | V7: 服务内 (7*24H) | W7: 服务器 | X7: 上海园区MSS资产>泛微oa系统-应用服务器 | Y7: 郭永斌 | Z7: 46097.716 | AA7: MSSP | AB7: 正常 | AD7: 成功 | AE7: 外-内 | AG7: 0天0时0分2秒 | AH7: 46097.716 | AK7: 62355 | AL7: 8788 | AM7: http | AN7: 67f76f1630da8824bbe523c5 | AO7: 全部未知 | AP7: 30min | AQ7: 46097.737 | AR7: 中可信
A8: 弱口令登录成功 | B8: 中 | C8: 172.16.5.31 | D8: 脆弱性>账号安全 | E8: 已忽略（自动） | F8: 69b8aab18ccf7e4eb1e4a655 | G8: 价值交付三组 | I8: sta | J8: oa.haiheangroup.com:8788/api/hrm/login/checkLogin | K8: 安全分析中台引擎 | L8: 46098.383 | M8: 46098.705 | N8: 涂峰川 | P8: 中 | R8: 219.147.9.110 | S8: 172.16.5.31 | U8: T20240625103030429 | V8: 服务内 (7*24H) | W8: 服务器 | X8: 上海园区MSS资产>泛微oa系统-应用服务器 | Y8: 郭永斌 | Z8: 46098.384 | AA8: MSSP | AB8: 正常 | AD8: 成功 | AE8: 外-内 | AG8: 0天0时0分2秒 | AH8: 46098.384 | AM8: http | AN8: 665f1228c5c67f4645b0a64b | AO8: 全部未知 | AP8: 30min | AQ8: 46098.405 | AR8: 中可信
A9: 弱口令登录成功 | B9: 中 | C9: 172.16.5.31 | D9: 脆弱性>账号安全 | E9: 已忽略（自动） | F9: 69b91630a396910f1b778dc6 | G9: 价值交付三组 | I9: sta | J9: oa.haiheangroup.com:8788/api/hrm/login/checkLogin | K9: 安全分析中台引擎 | L9: 46098.702 | M9: 46098.702 | N9: 姚金鑫 | P9: 中 | R9: 223.105.69.206 | S9: 172.16.5.31 | U9: T20240625103030429 | V9: 服务内 (7*24H) | W9: 服务器 | X9: 上海园区MSS资产>泛微oa系统-应用服务器 | Y9: 郭永斌 | Z9: 46098.703 | AA9: MSSP | AB9: 正常 | AD9: 成功 | AE9: 外-内 | AG9: 0天0时0分3秒 | AH9: 46098.703 | AM9: http | AN9: 665f1228c5c67f4645b0a64b | AO9: 全部未知 | AP9: 30min | AQ9: 46098.724 | AR9: 中可信
A10: 主机遭受web攻击 | B10: 中 | C10: 172.16.5.31 | D10: 外部威胁>web攻击 | E10: 已忽略（自动） | F10: 69b9024944107df81566f917 | G10: 价值交付三组 | I10: af | J10: oa.haiheangroup.com:8788/api/systemViewLog/home/InsertSystemPageViewLog | K10: 自定义usecase、安全分析中台引擎 | L10: 46098.644 | M10: 46098.673 | N10: 姚金鑫 | P10: 中 | R10: 101.204.24.178 | S10: 172.16.5.31 | U10: T20240118201716341 | V10: 服务内 (7*24H) | W10: 服务器 | X10: 上海园区MSS资产>泛微oa系统-应用服务器 | Y10: 郭永斌 | Z10: 46098.644 | AB10: 正常 | AD10: 失败 | AE10: 外-内 | AG10: 0天0时0分8秒 | AH10: 46098.644 | AM10: http | AO10: 全部未知 | AP10: 30min | AQ10: 46098.665 | AR10: 高可信
A11: 弱口令登录成功 | B11: 中 | C11: 172.16.5.31 | D11: 脆弱性>账号安全 | E11: 已忽略（自动） | F11: 69b90b8da0e97d17dfae9512 | G11: 价值交付三组 | I11: sta | J11: oa.haiheangroup.com:8788/api/hrm/login/checkLogin | K11: 安全分析中台引擎 | L11: 46098.67 | M11: 46098.672 | N11: 安宏祥 | P11: 中 | R11: 27.17.5.74 | S11: 172.16.5.31 | U11: T20240625103030429 | V11: 服务内 (7*24H) | W11: 服务器 | X11: 上海园区MSS资产>泛微oa系统-应用服务器 | Y11: 郭永斌 | Z11: 46098.671 | AA11: MSSP | AB11: 正常 | AD11: 成功 | AE11: 外-内 | AG11: 0天0时0分10秒 | AH11: 46098.671 | AM11: http | AN11: 665f1228c5c67f4645b0a64b | AO11: 全部未知 | AP11: 30min | AQ11: 46098.692 | AR11: 中可信
A12: 弱口令登录成功 | B12: 中 | C12: 172.16.5.31 | D12: 脆弱性>账号安全 | E12: 已忽略（自动） | F12: 69b90ae9741d8d2486b94bf3 | G12: 价值交付三组 | I12: sta | J12: oa.haiheangroup.com:8788/api/hrm/login/checkLogin | K12: 安全分析中台引擎 | L12: 46098.669 | M12: 46098.669 | N12: 安宏祥 | P12: 中 | R12: 219.147.9.110 | S12: 172.16.5.31 | U12: T20240625103030429 | V12: 服务内 (7*24H) | W12: 服务器 | X12: 上海园区MSS资产>泛微oa系统-应用服务器 | Y12: 郭永斌 | Z12: 46098.669 | AA12: MSSP | AB12: 正常 | AD12: 成功 | AE12: 外-内 | AG12: 0天0时0分2秒 | AH12: 46098.669 | AM12: http | AN12: 665f1228c5c67f4645b0a64b | AO12: 全部未知 | AP12: 30min | AQ12: 46098.69 | AR12: 中可信
A13: 弱口令登录成功 | B13: 中 | C13: 172.16.5.31 | D13: 脆弱性>账号安全 | E13: 已忽略（自动） | F13: 69b90aa6b3f2e004b99c9a1d | G13: 价值交付三组 | I13: sta | J13: oa.haiheangroup.com:8788/api/hrm/login/checkLogin | K13: 安全分析中台引擎 | L13: 46098.668 | M13: 46098.668 | N13: 姚金鑫 | P13: 中 | R13: 219.147.9.110 | S13: 172.16.5.31 | U13: T20240625103030429 | V13: 服务内 (7*24H) | W13: 服务器 | X13: 上海园区MSS资产>泛微oa系统-应用服务器 | Y13: 郭永斌 | Z13: 46098.669 | AA13: MSSP | AB13: 正常 | AD13: 成功 | AE13: 外-内 | AG13: 0天0时0分9秒 | AH13: 46098.669 | AM13: http | AN13: 665f1228c5c67f4645b0a64b | AO13: 全部未知 | AP13: 30min | AQ13: 46098.689 | AR13: 中可信
A14: 弱口令登录成功 | B14: 中 | C14: 172.16.5.31 | D14: 脆弱性>账号安全 | E14: 已忽略（自动） | F14: 69b90a547497cd0e21ae9886 | G14: 价值交付三组 | I14: sta | J14: oa.haiheangroup.com:8788/api/hrm/login/checkLogin | K14: 安全分析中台引擎 | L14: 46098.667 | M14: 46098.667 | N14: 涂峰川 | P14: 中 | R14: 219.147.9.110 | S14: 172.16.5.31 | U14: T20240625103030429 | V14: 服务内 (7*24H) | W14: 服务器 | X14: 上海园区MSS资产>泛微oa系统-应用服务器 | Y14: 郭永斌 | Z14: 46098.668 | AA14: MSSP | AB14: 正常 | AD14: 成功 | AE14: 外-内 | AG14: 0天0时0分3秒 | AH14: 46098.668 | AM14: http | AN14: 665f1228c5c67f4645b0a64b | AO14: 全部未知 | AP14: 30min | AQ14: 46098.688 | AR14: 中可信
A15: 主机遭受web攻击 | B15: 中 | C15: 172.16.1.4 | D15: 外部威胁>web攻击 | E15: 已忽略（自动） | F15: 69b909bab3f2e004b99c99f4 | G15: 价值交付三组 | I15: af | J15: tdyy.haiheangroup.com:9443/fort/system;help/node_management/save_strategy | K15: 自定义usecase、安全分析中台引擎 | L15: 46098.666 | M15: 46098.666 | P15: 中 | R15: 223.104.43.33 | S15: 172.16.1.4 | U15: T20240118201716341 | V15: 服务外 | W15: 未知 | X15: 上海园区MSS资产>深信服堡垒机 | Y15: 郭永斌 | Z15: 46098.666 | AA15: MSSP | AB15: 正常 | AD15: 待研判 | AE15: 外-内 | AG15: 0天0时0分5秒 | AH15: 46098.666 | AM15: https | AN15: 66ac46f31af7a614fd65393e | AO15: 全部未知 | AP15: 30min | AQ15: 46098.687 | AR15: 高可信
A16: 主机遭受web攻击 | B16: 中 | C16: 172.16.5.31 | D16: 外部威胁>web攻击 | E16: 已忽略（自动） | F16: 69b906c944107df81566f9d3 | G16: 价值交付三组 | I16: af | J16: oa.haiheangroup.com:8788/api/integration/workflowflow/getInterfaceRegisterDMLAddForm | K16: 自定义usecase、安全分析中台引擎 | L16: 46098.657 | M16: 46098.657 | N16: 安宏祥 | P16: 中 | R16: 60.175.115.106 | S16: 172.16.5.31 | U16: T20240118201716341 | V16: 服务内 (7*24H) | W16: 服务器 | X16: 上海园区MSS资产>泛微oa系统-应用服务器 | Y16: 郭永斌 | Z16: 46098.657 | AB16: 正常 | AD16: 失败 | AE16: 外-内 | AG16: 0天0时0分5秒 | AH16: 46098.657 | AM16: http | AO16: 全部未知 | AP16: 30min | AQ16: 46098.678 | AR16: 高可信
A17: 主机遭受web攻击 | B17: 中 | C17: 192.168.22.23 | D17: 外部威胁>web攻击 | E17: 已忽略（自动） | F17: 69b8fed044107df81566f89e | G17: 价值交付三组 | I17: af | J17: 60.28.99.74:8443/fort/system;help/node_management/save_strategy | K17: 自定义usecase、安全分析中台引擎 | L17: 46098.633 | M17: 46098.636 | P17: 中 | R17: 27.10.117.145 | S17: 192.168.22.23 | T17: 127.0.0.1 | U17: T20240118201716341 | V17: 服务外 | W17: 服务器 | X17: 天津园区MSS资产>天津堡垒机 | Y17: 郭永斌 | Z17: 46098.634 | AA17: MSSP | AB17: 正常 | AD17: 失败 | AE17: 外-内 | AG17: 0天0时0分1秒 | AH17: 46098.634 | AM17: https | AN17: 66ac46f31af7a614fd65393e | AO17: 全部未知 | AP17: 30min | AQ17: 46098.654 | AR17: 高可信
A18: 主机遭受web攻击 | B18: 中 | C18: 172.16.5.31 | D18: 外部威胁>web攻击 | E18: 已忽略（自动） | F18: 69b8fa66a0e97d17dfae92bc | G18: 价值交付三组 | I18: af | J18: oa.haiheangroup.com:8788/api/systemViewLog/home/InsertSystemPageViewLog | K18: 自定义usecase、安全分析中台引擎 | L18: 46098.62 | M18: 46098.624 | N18: 姚金鑫 | P18: 中 | R18: 60.30.190.26 | S18: 172.16.5.31 | U18: T20240118201716341 | V18: 服务内 (7*24H) | W18: 服务器 | X18: 上海园区MSS资产>泛微oa系统-应用服务器 | Y18: 郭永斌 | Z18: 46098.62 | AB18: 正常 | AD18: 失败 | AE18: 外-内 | AG18: 0天0时0分5秒 | AH18: 46098.62 | AM18: http | AO18: 全部未知 | AP18: 30min | AQ18: 46098.641 | AR18: 高可信
A19: 主机遭受web攻击 | B19: 中 | C19: 172.16.5.31 | D19: 外部威胁>web攻击 | E19: 已忽略（自动） | F19: 69b8f43c53b3105a300078aa | G19: 价值交付三组 | I19: af | J19: oa.haiheangroup.com:8788/api/systemViewLog/home/InsertSystemPageViewLog | K19: 自定义usecase、安全分析中台引擎 | L19: 46098.602 | M19: 46098.602 | N19: 姚金鑫 | P19: 中 | R19: 219.147.9.110 | S19: 172.16.5.31 | U19: T20240118201716341 | V19: 服务内 (7*24H) | W19: 服务器 | X19: 上海园区MSS资产>泛微oa系统-应用服务器 | Y19: 郭永斌 | Z19: 46098.602 | AB19: 正常 | AD19: 失败 | AE19: 外-内 | AG19: 0天0时0分4秒 | AH19: 46098.602 | AM19: http | AO19: 全部未知 | AP19: 30min | AQ19: 46098.623 | AR19: 高可信
A20: 主机存在感染僵尸网络家族malware | B20: 低 | C20: 192.168.1.138 | D20: 内部威胁>僵尸网络 | E20: 已忽略（自动） | F20: 69b8aaad120308c7598820d0 | G20: 价值交付三组 | I20: XDR_sta | J20: 137.220.135.153:5178 | K20: APEX-GPT引擎 | L20: 46077.375 | M20: 46098.599 | P20: 已失陷 | R20: 192.168.1.138 | S20: 137.220.135.153 | T20: - | U20: 2e3269e10000 | V20: 服务外 | W20: 服务器 | X20: 天津园区MSS资产>资产发现系统默认分组 | Y20: 郭永斌 | Z20: 46098.384 | AA20: MSSP | AB20: 正常 | AD20: 失陷 | AE20: 内-外 | AG20: 0天0时0分2秒 | AH20: 46098.384 | AK20: 55430 | AL20: 5178 | AM20: tcp | AN20: 66ac46f31af7a614fd65393e | AP20: 30min | AQ20: 46098.405 | AR20: 高可信
A21: 主机存在感染木马远控家族silverfox | B21: 低 | C21: 192.168.1.138 | D21: 内部威胁>木马 | E21: 已忽略（自动） | F21: 69b8aa6ec87d3abad4f8dfec | G21: 价值交付三组 | I21: XDR_af | J21: dashenbaba9.com | K21: APEX-GPT引擎 | L21: 46077.375 | M21: 46098.598 | P21: 已失陷 | R21: 192.168.1.138 | S21: 114.114.114.114 | T21: - | U21: 8ebd452b0000 | V21: 服务外 | W21: 服务器 | X21: 天津园区MSS资产>资产发现系统默认分组 | Y21: 郭永斌 | Z21: 46098.383 | AA21: MSSP | AB21: 正常 | AD21: 失陷 | AE21: 内-外 | AG21: 0天0时0分2秒 | AH21: 46098.384 | AK21: 61027 | AL21: 53 | AM21: dns | AN21: 66ac46f31af7a614fd65393e | AP21: 30min | AQ21: 46098.404 | AR21: 高可信
A22: 弱口令登录成功 | B22: 中 | C22: 192.168.0.109 | D22: 脆弱性>账号安全 | E22: 已忽略（自动） | F22: 69b8f1b210edc44512ac3668 | G22: 价值交付三组 | I22: sta | J22: 192.168.0.109:8017/login | K22: 安全分析中台引擎 | L22: 46098.592 | M22: 46098.592 | N22: 安宏祥 | P22: 中 | R22: 192.168.0.195 | S22: 192.168.0.109 | U22: T20240625103030429 | V22: 服务内 (7*24H) | W22: 服务器 | X22: 天津园区MSS资产>主应用服务器-1 | Y22: 郭永斌 | Z22: 46098.595 | AA22: MSSP | AB22: 正常 | AD22: 成功 | AE22: 内-内 | AG22: 0天0时0分1秒 | AH22: 46098.595 | AM22: http | AN22: 665f1228c5c67f4645b0a64b | AO22: 全部未知 | AP22: 30min | AQ22: 46098.615 | AR22: 中可信
A23: 弱口令登录成功 | B23: 中 | C23: 172.16.5.31 | D23: 脆弱性>账号安全 | E23: 已忽略（自动） | F23: 69b8e8970baeeb9910a7b2c3 | G23: 价值交付三组 | I23: sta | J23: oa.haiheangroup.com:8788/api/hrm/login/checkLogin | K23: 安全分析中台引擎 | L23: 46098.567 | M23: 46098.567 | N23: 李想 | P23: 中 | R23: 219.147.9.110 | S23: 172.16.5.31 | U23: T20240625103030429 | V23: 服务内 (7*24H) | W23: 服务器 | X23: 上海园区MSS资产>泛微oa系统-应用服务器 | Y23: 郭永斌 | Z23: 46098.568 | AA23: MSSP | AB23: 正常 | AD23: 成功 | AE23: 外-内 | AG23: 0天0时0分3秒 | AH23: 46098.568 | AM23: http | AN23: 665f1228c5c67f4645b0a64b | AO23: 全部未知 | AP23: 30min | AQ23: 46098.589 | AR23: 中可信
A24: 主机遭受web攻击 | B24: 中 | C24: 172.16.5.31 | D24: 外部威胁>web攻击 | E24: 已忽略（自动） | F24: 69b8e41eb3f2e004b99c94af | G24: 价值交付三组 | I24: sta | J24: oa.haiheangroup.com:8788/api/systemViewLog/home/InsertSystemPageViewLog | K24: 自定义usecase、安全分析中台引擎 | L24: 46098.554 | M24: 46098.554 | N24: 李想 | P24: 中 | R24: 122.190.135.5 | S24: 172.16.5.31 | U24: T20240118201716341 | V24: 服务内 (7*24H) | W24: 服务器 | X24: 上海园区MSS资产>泛微oa系统-应用服务器 | Y24: 郭永斌 | Z24: 46098.554 | AB24: 正常 | AD24: 失败 | AE24: 外-内 | AG24: 0天0时0分3秒 | AH24: 46098.554 | AM24: http | AO24: 全部未知 | AP24: 30min | AQ24: 46098.575 | AR24: 高可信
A25: 弱口令登录成功 | B25: 中 | C25: 172.16.5.31 | D25: 脆弱性>账号安全 | E25: 已忽略（自动） | F25: 69b8e40b741d8d2486b946aa | G25: 价值交付三组 | I25: sta | J25: oa.haiheangroup.com:8788/api/hrm/login/checkLogin | K25: 安全分析中台引擎 | L25: 46098.553 | M25: 46098.553 | N25: 李想 | P25: 中 | R25: 27.17.5.74 | S25: 172.16.5.31 | U25: T20240625103030429 | V25: 服务内 (7*24H) | W25: 服务器 | X25: 上海园区MSS资产>泛微oa系统-应用服务器 | Y25: 郭永斌 | Z25: 46098.554 | AA25: MSSP | AB25: 正常 | AD25: 成功 | AE25: 外-内 | AG25: 0天0时0分3秒 | AH25: 46098.554 | AM25: http | AN25: 665f1228c5c67f4645b0a64b | AO25: 全部未知 | AP25: 30min | AQ25: 46098.575 | AR25: 中可信
A26: 弱口令登录成功 | B26: 中 | C26: 172.16.5.31 | D26: 脆弱性>账号安全 | E26: 已忽略（自动） | F26: 69b8e00d444e5db4916e21de | G26: 价值交付三组 | I26: sta | J26: oa.haiheangroup.com:8788/api/hrm/login/checkLogin | K26: 安全分析中台引擎 | L26: 46098.542 | M26: 46098.542 | N26: 李想 | P26: 中 | R26: 60.27.106.163 | S26: 172.16.5.31 | U26: T20240625103030429 | V26: 服务内 (7*24H) | W26: 服务器 | X26: 上海园区MSS资产>泛微oa系统-应用服务器 | Y26: 郭永斌 | Z26: 46098.542 | AA26: MSSP | AB26: 正常 | AD26: 成功 | AE26: 外-内 | AG26: 0天0时0分3秒 | AH26: 46098.542 | AM26: http | AN26: 665f1228c5c67f4645b0a64b | AO26: 全部未知 | AP26: 30min | AQ26: 46098.563 | AR26: 中可信
A27: 弱口令登录成功 | B27: 中 | C27: 172.16.5.31 | D27: 脆弱性>账号安全 | E27: 已忽略（自动） | F27: 69b8d569f918f92f09e1d516 | G27: 价值交付三组 | I27: sta | J27: oa.haiheangroup.com:8788/api/hrm/login/checkLogin | K27: 安全分析中台引擎 | L27: 46098.51 | M27: 46098.51 | N27: 李想 | P27: 中 | R27: 219.147.9.110 | S27: 172.16.5.31 | U27: T20240625103030429 | V27: 服务内 (7*24H) | W27: 服务器 | X27: 上海园区MSS资产>泛微oa系统-应用服务器 | Y27: 郭永斌 | Z27: 46098.511 | AA27: MSSP | AB27: 正常 | AD27: 成功 | AE27: 外-内 | AG27: 0天0时0分2秒 | AH27: 46098.511 | AM27: http | AN27: 665f1228c5c67f4645b0a64b | AO27: 全部未知 | AP27: 30min | AQ27: 46098.532 | AR27: 中可信
A28: 弱口令登录成功 | B28: 中 | C28: 192.168.0.109 | D28: 脆弱性>账号安全 | E28: 已忽略（自动） | F28: 69b7857d10edc44512ac0d36 | G28: 价值交付三组 | I28: sta | J28: 192.168.0.109:8017/login | K28: 安全分析中台引擎 | L28: 46097.512 | M28: 46098.494 | N28: 李想 | P28: 中 | R28: 192.168.0.218 | S28: 192.168.0.109 | U28: T20240625103030429 | V28: 服务内 (7*24H) | W28: 服务器 | X28: 天津园区MSS资产>主应用服务器-1 | Y28: 郭永斌 | Z28: 46097.516 | AA28: MSSP | AB28: 正常 | AD28: 成功 | AE28: 内-内 | AG28: 0天0时0分4秒 | AH28: 46097.516 | AM28: http | AN28: 665f1228c5c67f4645b0a64b | AO28: 全部未知 | AP28: 30min | AQ28: 46097.536 | AR28: 中可信
A29: 主机遭受web攻击 | B29: 中 | C29: 172.16.1.4 | D29: 外部威胁>web攻击 | E29: 已忽略（自动） | F29: 69b8cf5ee4fad79a6e556f18 | G29: 价值交付三组 | I29: af | J29: 222.92.117.175:9443/fort/system;help/node_management/save_strategy | K29: 自定义usecase、安全分析中台引擎 | L29: 46098.493 | M29: 46098.493 | P29: 中 | R29: 111.21.6.82 | S29: 172.16.1.4 | U29: T20240118201716341 | V29: 服务外 | W29: 未知 | X29: 上海园区MSS资产>深信服堡垒机 | Y29: 郭永斌 | Z29: 46098.493 | AA29: MSSP | AB29: 正常 | AD29: 待研判 | AE29: 外-内 | AG29: 0天0时0分4秒 | AH29: 46098.493 | AM29: https | AN29: 66ac46f31af7a614fd65393e | AO29: 全部未知 | AP29: 30min | AQ29: 46098.514 | AR29: 高可信
A30: 主机遭受web攻击 | B30: 中 | C30: 172.16.5.31 | D30: 外部威胁>web攻击 | E30: 已忽略（自动） | F30: 69b8cb6844107df81566f203 | G30: 价值交付三组 | I30: sta | J30: oa.haiheangroup.com:8788/api/systemViewLog/home/InsertSystemPageViewLog | K30: 自定义usecase、安全分析中台引擎 | L30: 46098.481 | M30: 46098.483 | N30: 涂峰川 | P30: 中 | R30: 101.204.24.178 | S30: 172.16.5.31 | U30: T20240118201716341 | V30: 服务内 (7*24H) | W30: 服务器 | X30: 上海园区MSS资产>泛微oa系统-应用服务器 | Y30: 郭永斌 | Z30: 46098.481 | AB30: 正常 | AD30: 失败 | AE30: 外-内 | AG30: 0天0时0分9秒 | AH30: 46098.481 | AM30: http | AO30: 全部未知 | AP30: 30min | AQ30: 46098.502 | AR30: 高可信
A31: 主机遭受web攻击 | B31: 中 | C31: 172.16.5.31 | D31: 外部威胁>web攻击 | E31: 已忽略（自动） | F31: 69b8caedb3f2e004b99c9199 | G31: 价值交付三组 | I31: af | J31: oa.haiheangroup.com:8788/api/systemViewLog/home/InsertSystemPageViewLog | K31: 自定义usecase、安全分析中台引擎 | L31: 46098.479 | M31: 46098.479 | N31: 涂峰川 | P31: 中 | R31: 175.166.166.91 | S31: 172.16.5.31 | U31: T20240118201716341 | V31: 服务内 (7*24H) | W31: 服务器 | X31: 上海园区MSS资产>泛微oa系统-应用服务器 | Y31: 郭永斌 | Z31: 46098.48 | AB31: 正常 | AD31: 失败 | AE31: 外-内 | AG31: 0天0时0分5秒 | AH31: 46098.48 | AM31: http | AO31: 全部未知 | AP31: 30min | AQ31: 46098.501 | AR31: 高可信
A32: 弱口令登录成功 | B32: 中 | C32: 192.168.0.109 | D32: 脆弱性>账号安全 | E32: 已忽略（自动） | F32: 69b8c8b1910349744ff3133b | G32: 价值交付三组 | I32: sta | J32: 192.168.0.109:8017/login | K32: 安全分析中台引擎 | L32: 46098.469 | M32: 46098.469 | N32: 安宏祥 | P32: 中 | R32: 192.168.0.195 | S32: 192.168.0.109 | U32: T20240625103030429 | V32: 服务内 (7*24H) | W32: 服务器 | X32: 天津园区MSS资产>主应用服务器-1 | Y32: 郭永斌 | Z32: 46098.473 | AA32: MSSP | AB32: 正常 | AD32: 成功 | AE32: 内-内 | AG32: 0天0时0分4秒 | AH32: 46098.473 | AM32: http | AN32: 665f1228c5c67f4645b0a64b | AO32: 全部未知 | AP32: 30min | AQ32: 46098.494 | AR32: 中可信
A33: 弱口令登录成功 | B33: 中 | C33: 172.16.5.31 | D33: 脆弱性>账号安全 | E33: 已忽略（自动） | F33: 69b8bdd2f918f92f09e1d1a1 | G33: 价值交付三组 | I33: sta | J33: oa.haiheangroup.com:8788/api/hrm/login/checkLogin | K33: 安全分析中台引擎 | L33: 46098.44 | M33: 46098.44 | N33: 涂峰川 | P33: 中 | R33: 219.147.9.110 | S33: 172.16.5.31 | U33: T20240625103030429 | V33: 服务内 (7*24H) | W33: 服务器 | X33: 上海园区MSS资产>泛微oa系统-应用服务器 | Y33: 郭永斌 | Z33: 46098.441 | AA33: MSSP | AB33: 正常 | AD33: 成功 | AE33: 外-内 | AG33: 0天0时0分2秒 | AH33: 46098.441 | AM33: http | AN33: 665f1228c5c67f4645b0a64b | AO33: 全部未知 | AP33: 30min | AQ33: 46098.462 | AR33: 中可信
A34: 主机遭受web攻击 | B34: 中 | C34: 172.16.5.31 | D34: 外部威胁>web攻击 | E34: 已忽略（自动） | F34: 69b8bb1253b3105a3000710d | G34: 价值交付三组 | I34: af | J34: oa.haiheangroup.com:8788/api/systemViewLog/home/InsertSystemPageViewLog | K34: 自定义usecase、安全分析中台引擎 | L34: 46098.433 | M34: 46098.433 | N34: 安宏祥 | P34: 中 | R34: 27.17.5.74 | S34: 172.16.5.31 | U34: T20240118201716341 | V34: 服务内 (7*24H) | W34: 服务器 | X34: 上海园区MSS资产>泛微oa系统-应用服务器 | Y34: 郭永斌 | Z34: 46098.433 | AB34: 正常 | AD34: 失败 | AE34: 外-内 | AG34: 0天0时0分5秒 | AH34: 46098.433 | AM34: http | AO34: 全部未知 | AP34: 30min | AQ34: 46098.454 | AR34: 高可信
A35: 弱口令登录成功 | B35: 中 | C35: 172.16.5.31 | D35: 脆弱性>账号安全 | E35: 已忽略（自动） | F35: 69b8b9f1f918f92f09e1d0ec | G35: 价值交付三组 | I35: sta | J35: oa.haiheangroup.com:8788/api/hrm/login/checkLogin | K35: 安全分析中台引擎 | L35: 46098.428 | M35: 46098.428 | N35: 姚金鑫 | P35: 中 | R35: 27.17.5.74 | S35: 172.16.5.31 | U35: T20240625103030429 | V35: 服务内 (7*24H) | W35: 服务器 | X35: 上海园区MSS资产>泛微oa系统-应用服务器 | Y35: 郭永斌 | Z35: 46098.429 | AA35: MSSP | AB35: 正常 | AD35: 成功 | AE35: 外-内 | AG35: 0天0时0分5秒 | AH35: 46098.43 | AM35: http | AN35: 665f1228c5c67f4645b0a64b | AO35: 全部未知 | AP35: 30min | AQ35: 46098.45 | AR35: 中可信
A36: 主机遭受web攻击 | B36: 中 | C36: 192.168.1.117 | D36: 外部威胁>web攻击 | E36: 已忽略（自动） | F36: 69b8b2fc10edc44512ac2d3b | G36: 价值交付三组 | I36: sta | J36: 219.147.9.110:8443/fort/system;help/node_management/save_strategy | K36: 自定义usecase、安全分析中台引擎 | L36: 46098.409 | M36: 46098.409 | P36: 中 | R36: 220.196.193.33 | S36: 192.168.1.117 | U36: T20240118201716341 | V36: 服务外 | W36: 服务器 | X36: 天津园区MSS资产>青岛堡垒机 | Y36: 郭永斌 | Z36: 46098.409 | AA36: MSSP | AB36: 正常 | AD36: 失败 | AE36: 外-内 | AG36: 0天0时0分1秒 | AH36: 46098.409 | AM36: http | AN36: 66ac46f31af7a614fd65393e | AO36: 全部未知 | AP36: 30min | AQ36: 46098.43 | AR36: 高可信
A37: 弱口令登录成功 | B37: 中 | C37: 172.16.5.31 | D37: 脆弱性>账号安全 | E37: 已忽略（自动） | F37: 69b8ae96b3f2e004b99c8c7d | G37: 价值交付三组 | I37: sta | J37: oa.haiheangroup.com:8788/api/hrm/login/checkLogin | K37: 安全分析中台引擎 | L37: 46098.395 | M37: 46098.395 | N37: 涂峰川 | P37: 中 | R37: 219.147.9.110 | S37: 172.16.5.31 | U37: T20240625103030429 | V37: 服务内 (7*24H) | W37: 服务器 | X37: 上海园区MSS资产>泛微oa系统-应用服务器 | Y37: 郭永斌 | Z37: 46098.396 | AA37: MSSP | AB37: 正常 | AD37: 成功 | AE37: 外-内 | AG37: 0天0时0分4秒 | AH37: 46098.396 | AM37: http | AN37: 665f1228c5c67f4645b0a64b | AO37: 全部未知 | AP37: 30min | AQ37: 46098.417 | AR37: 中可信
A38: 主机遭受web攻击 | B38: 中 | C38: 172.16.5.31 | D38: 外部威胁>web攻击 | E38: 已忽略（自动） | F38: 69b8ad4e444e5db4916e1a06 | G38: 价值交付三组 | I38: sta | J38: oa.haiheangroup.com:88/emp/api/log/record | K38: 自定义usecase、安全分析中台引擎 | L38: 46098.392 | M38: 46098.392 | N38: 姚金鑫 | P38: 中 | R38: 36.106.148.232 | S38: 172.16.5.31 | U38: T20240118201716341 | V38: 服务内 (7*24H) | W38: 服务器 | X38: 上海园区MSS资产>泛微oa系统-应用服务器 | Y38: 郭永斌 | Z38: 46098.392 | AB38: 正常 | AD38: 失败 | AE38: 外-内 | AG38: 0天0时0分3秒 | AH38: 46098.392 | AM38: http | AO38: 全部未知 | AP38: 30min | AQ38: 46098.413 | AR38: 高可信
A39: 弱口令登录成功 | B39: 中 | C39: 172.16.5.31 | D39: 脆弱性>账号安全 | E39: 已忽略（自动） | F39: 69b8ad52a0e97d17dfae878f | G39: 价值交付三组 | I39: sta | J39: oa.haiheangroup.com:8788/api/hrm/login/checkLogin | K39: 安全分析中台引擎 | L39: 46098.391 | M39: 46098.391 | N39: 涂峰川 | P39: 中 | R39: 219.147.9.110 | S39: 172.16.5.31 | U39: T20240625103030429 | V39: 服务内 (7*24H) | W39: 服务器 | X39: 上海园区MSS资产>泛微oa系统-应用服务器 | Y39: 郭永斌 | Z39: 46098.392 | AA39: MSSP | AB39: 正常 | AD39: 成功 | AE39: 外-内 | AG39: 0天0时0分3秒 | AH39: 46098.392 | AM39: http | AN39: 665f1228c5c67f4645b0a64b | AO39: 全部未知 | AP39: 30min | AQ39: 46098.413 | AR39: 中可信
A40: 主机遭受web攻击 | B40: 中 | C40: 172.16.5.31 | D40: 外部威胁>web攻击 | E40: 已忽略（自动） | F40: 69b8a8d353b3105a30006df8 | G40: 价值交付三组 | I40: af | J40: oa.haiheangroup.com:8788/api/systemViewLog/home/InsertSystemPageViewLog | K40: 自定义usecase、安全分析中台引擎 | L40: 46098.379 | M40: 46098.379 | N40: 涂峰川 | P40: 中 | R40: 219.147.9.110 | S40: 172.16.5.31 | U40: T20240118201716341 | V40: 服务内 (7*24H) | W40: 服务器 | X40: 上海园区MSS资产>泛微oa系统-应用服务器 | Y40: 郭永斌 | Z40: 46098.379 | AB40: 正常 | AD40: 失败 | AE40: 外-内 | AG40: 0天0时0分8秒 | AH40: 46098.379 | AM40: http | AO40: 全部未知 | AP40: 30min | AQ40: 46098.4 | AR40: 高可信
A41: 主机遭受web攻击 | B41: 中 | C41: 192.168.22.23 | D41: 外部威胁>web攻击 | E41: 已忽略（自动） | F41: 69b8a84bb3f2e004b99c8b6b | G41: 价值交付三组 | I41: af | J41: 60.28.99.74:8443/fort/system;help/netConfig/change_net | K41: 自定义usecase、安全分析中台引擎 | L41: 46098.377 | M41: 46098.377 | P41: 中 | R41: 223.104.161.164 | S41: 192.168.22.23 | U41: T20240118201716341 | V41: 服务外 | W41: 服务器 | X41: 天津园区MSS资产>天津堡垒机 | Y41: 郭永斌 | Z41: 46098.377 | AA41: MSSP | AB41: 正常 | AD41: 待研判 | AE41: 外-内 | AG41: 0天0时0分2秒 | AH41: 46098.377 | AM41: https | AN41: 66ac46f31af7a614fd65393e | AO41: 全部未知 | AP41: 30min | AQ41: 46098.398 | AR41: 高可信
A42: 主机存在感染木马远控家族silverfox | B42: 低 | C42: 192.168.1.138 | D42: 内部威胁>木马 | E42: 已忽略（自动） | F42: 69af6fd9ac6ecec3800031db | G42: 价值交付三组 | I42: XDR_sta | J42: dashenbaba9.com | K42: APEX-GPT引擎 | L42: 46077.375 | M42: 46098.376 | P42: 已失陷 | R42: 192.168.1.138 | S42: 223.5.5.5 | T42: - | U42: 8ebd452b0000 | V42: 服务外 | W42: 服务器 | X42: 天津园区MSS资产>资产发现系统默认分组 | Y42: 郭永斌 | Z42: 46091.383 | AA42: MSSP | AB42: 正常 | AD42: 失陷 | AE42: 内-外 | AG42: 0天0时0分9秒 | AH42: 46091.383 | AK42: 54564 | AL42: 53 | AM42: dns | AN42: 66ac46f31af7a614fd65393e | AP42: 30min | AQ42: 46091.404 | AR42: 高可信
A43: 弱口令登录成功 | B43: 中 | C43: 172.16.5.31 | D43: 脆弱性>账号安全 | E43: 已忽略（自动） | F43: 69b8a7650baeeb9910a7a8dd | G43: 价值交付三组 | I43: sta | J43: oa.haiheangroup.com:8788/api/hrm/login/checkLogin | K43: 安全分析中台引擎 | L43: 46098.374 | M43: 46098.374 | N43: 杨美钞 | P43: 中 | R43: 27.17.5.74 | S43: 172.16.5.31 | U43: T20240625103030429 | V43: 服务内 (7*24H) | W43: 服务器 | X43: 上海园区MSS资产>泛微oa系统-应用服务器 | Y43: 郭永斌 | Z43: 46098.375 | AA43: MSSP | AB43: 正常 | AD43: 成功 | AE43: 外-内 | AG43: 0天0时0分2秒 | AH43: 46098.375 | AM43: http | AN43: 665f1228c5c67f4645b0a64b | AO43: 全部未知 | AP43: 30min | AQ43: 46098.395 | AR43: 中可信
A44: 弱口令登录成功 | B44: 中 | C44: 172.16.5.31 | D44: 脆弱性>账号安全 | E44: 已忽略（自动） | F44: 69b8a6e745595bae97b099ab | G44: 价值交付三组 | I44: sta | J44: oa.haiheangroup.com:8788/api/hrm/login/checkLogin | K44: 安全分析中台引擎 | L44: 46098.372 | M44: 46098.372 | N44: 杨美钞 | P44: 中 | R44: 27.17.5.74 | S44: 172.16.5.31 | U44: T20240625103030429 | V44: 服务内 (7*24H) | W44: 服务器 | X44: 上海园区MSS资产>泛微oa系统-应用服务器 | Y44: 郭永斌 | Z44: 46098.373 | AA44: MSSP | AB44: 正常 | AD44: 成功 | AE44: 外-内 | AG44: 0天0时0分3秒 | AH44: 46098.373 | AM44: http | AN44: 665f1228c5c67f4645b0a64b | AO44: 全部未知 | AP44: 30min | AQ44: 46098.394 | AR44: 中可信
A45: 弱口令登录成功 | B45: 中 | C45: 172.16.5.31 | D45: 脆弱性>账号安全 | E45: 已忽略（自动） | F45: 69b8a68a910349744ff30da2 | G45: 价值交付三组 | I45: sta | J45: oa.haiheangroup.com:8788/api/hrm/login/checkLogin | K45: 安全分析中台引擎 | L45: 46098.371 | M45: 46098.371 | N45: 杨美钞 | P45: 中 | R45: 219.147.9.110 | S45: 172.16.5.31 | U45: T20240625103030429 | V45: 服务内 (7*24H) | W45: 服务器 | X45: 上海园区MSS资产>泛微oa系统-应用服务器 | Y45: 郭永斌 | Z45: 46098.372 | AA45: MSSP | AB45: 正常 | AD45: 成功 | AE45: 外-内 | AG45: 0天0时0分3秒 | AH45: 46098.372 | AM45: http | AN45: 665f1228c5c67f4645b0a64b | AO45: 全部未知 | AP45: 30min | AQ45: 46098.393 | AR45: 中可信
A46: 弱口令登录成功 | B46: 中 | C46: 172.16.5.31 | D46: 脆弱性>账号安全 | E46: 已驳回 | F46: 69b7549f0baeeb9910a782a3 | G46: 价值交付三组 | I46: sta | J46: oa.haiheangroup.com:8788/api/hrm/login/checkLogin | K46: 安全分析中台引擎 | L46: 46097.37 | M46: 46098.37 | N46: 杨美钞 | P46: 中 | R46: 219.147.9.110 | S46: 172.16.5.31 | U46: T20240625103030429 | V46: 服务内 (7*24H) | W46: 服务器 | X46: 上海园区MSS资产>泛微oa系统-应用服务器 | Y46: 郭永斌 | Z46: 46097.371 | AA46: PE | AB46: 正常 | AD46: 成功 | AE46: 外-内 | AG46: 0天0时0分2秒 | AH46: 46097.371 | AM46: http | AN46: 665f1228c5c67f4645b0a64b | AO46: 全部未知 | AP46: 30min | AQ46: 46097.392 | AR46: 中可信 | AS46: E26031104746 | AT46: 郭永斌 | AU46: 业务触发
A47: AF设备离线 | B47: 高 | C47: 172.16.1.254 | D47: 策略调优>设备离线 | E47: 已完成 | F47: 69b86d7f77ca4c920c53d68a | G47: 价值交付三组 | I47: af | K47: 设备离线 | L47: 46098.203 | M47: 46098.203 | N47: 杨美钞 | P47: 高 | V47: 服务内 (7*24H) | W47: 未知 | X47: 上海园区MSS资产 | Y47: 郭永斌 | Z47: 46098.203 | AB47: 正常 | AE47: 未知 | AG47: - | AP47: 30min | AQ47: 46098.224 | AR47: 低可信
A48: AF设备离线 | B48: 高 | C48: 0.0.0.0 | D48: 策略调优>设备离线 | E48: 已完成 | F48: 69b862744164fc338412e40d | G48: 价值交付三组 | I48: af | K48: 设备离线 | L48: 46098.17 | M48: 46098.17 | N48: 杨美钞 | P48: 高 | V48: 服务内 (7*24H) | W48: 未知 | X48: 未归类组 | Y48: 郭永斌 | Z48: 46098.17 | AB48: 正常 | AE48: 未知 | AG48: - | AP48: 30min | AQ48: 46098.191 | AR48: 低可信
A49: AF设备离线 | B49: 高 | C49: 0.0.0.0 | D49: 策略调优>设备离线 | E49: 已完成 | F49: 69b861474164fc338412e38f | G49: 价值交付三组 | I49: af | K49: 设备离线 | L49: 46098.167 | M49: 46098.167 | N49: 杨美钞 | P49: 高 | V49: 服务内 (7*24H) | W49: 未知 | X49: 未归类组 | Y49: 郭永斌 | Z49: 46098.167 | AB49: 正常 | AE49: 未知 | AG49: - | AP49: 30min | AQ49: 46098.188 | AR49: 低可信
A50: AF设备离线 | B50: 高 | C50: 0.0.0.0 | D50: 策略调优>设备离线 | E50: 已完成 | F50: 69b85fe477ca4c920c53cf67 | G50: 价值交付三组 | I50: af | K50: 设备离线 | L50: 46098.163 | M50: 46098.163 | N50: 杨美钞 | P50: 高 | V50: 服务内 (7*24H) | W50: 未知 | X50: 未归类组 | Y50: 郭永斌 | Z50: 46098.163 | AB50: 正常 | AE50: 未知 | AG50: - | AP50: 30min | AQ50: 46098.183 | AR50: 低可信
A51: AF设备离线 | B51: 高 | C51: 192.168.18.251 | D51: 策略调优>设备离线 | E51: 已完成 | F51: 69b854a8b8cf5597ebb9f7e3 | G51: 价值交付三组 | I51: af | K51: 设备离线 | L51: 46098.129 | M51: 46098.129 | N51: 杨美钞 | P51: 高 | V51: 服务内 (7*24H) | W51: 未知 | X51: 武汉园区 | Y51: 郭永斌 | Z51: 46098.129 | AB51: 正常 | AE51: 未知 | AG51: - | AP51: 30min | AQ51: 46098.15 | AR51: 低可信
A52: 主机遭受web攻击 | B52: 中 | C52: 172.16.5.31 | D52: 外部威胁>web攻击 | E52: 已忽略（自动） | F52: 69b811af10edc44512ac1cf3 | G52: 价值交付三组 | I52: sta | J52: oa.haiheangroup.com:88/emp/api/log/record | K52: 自定义usecase、安全分析中台引擎 | L52: 46097.931 | M52: 46097.931 | N52: 李想 | P52: 中 | R52: 27.17.239.174 | S52: 172.16.5.31 | U52: T20240118201716341 | V52: 服务内 (7*24H) | W52: 服务器 | X52: 上海园区MSS资产>泛微oa系统-应用服务器 | Y52: 郭永斌 | Z52: 46097.931 | AB52: 正常 | AD52: 失败 | AE52: 外-内 | AG52: 0天0时0分3秒 | AH52: 46097.931 | AM52: http | AO52: 全部未知 | AP52: 30min | AQ52: 46097.952 | AR52: 高可信
A53: 主机遭受web攻击 | B53: 中 | C53: 172.16.5.31 | D53: 外部威胁>web攻击 | E53: 已忽略（自动） | F53: 69b8048253b3105a30005f51 | G53: 价值交付三组 | I53: af | J53: oa.haiheangroup.com:8788/api/systemViewLog/home/InsertSystemPageViewLog | K53: 自定义usecase、安全分析中台引擎 | L53: 46097.892 | M53: 46097.892 | N53: 李想 | P53: 中 | R53: 223.105.69.203 | S53: 172.16.5.31 | U53: T20240118201716341 | V53: 服务内 (7*24H) | W53: 服务器 | X53: 上海园区MSS资产>泛微oa系统-应用服务器 | Y53: 郭永斌 | Z53: 46097.892 | AB53: 正常 | AD53: 失败 | AE53: 外-内 | AG53: 0天0时0分2秒 | AH53: 46097.892 | AM53: http | AO53: 全部未知 | AP53: 30min | AQ53: 46097.913 | AR53: 高可信
A54: 主机遭受web攻击 | B54: 中 | C54: 172.16.5.31 | D54: 外部威胁>web攻击 | E54: 已忽略（自动） | F54: 69b7de30a0e97d17dfae73b2 | G54: 价值交付三组 | I54: af | J54: oa.haiheangroup.com:8788/api/systemViewLog/home/InsertSystemPageViewLog | K54: 自定义usecase、安全分析中台引擎 | L54: 46097.778 | M54: 46097.778 | N54: 李想 | P54: 中 | R54: 60.30.190.26 | S54: 172.16.5.31 | U54: T20240118201716341 | V54: 服务内 (7*24H) | W54: 服务器 | X54: 上海园区MSS资产>泛微oa系统-应用服务器 | Y54: 郭永斌 | Z54: 46097.778 | AB54: 正常 | AD54: 失败 | AE54: 外-内 | AG54: 0天0时0分4秒 | AH54: 46097.778 | AM54: http | AO54: 全部未知 | AP54: 30min | AQ54: 46097.799 | AR54: 高可信
A55: 主机遭受web攻击 | B55: 中 | C55: 172.16.5.31 | D55: 外部威胁>web攻击 | E55: 已忽略（自动） | F55: 69b7d89734c7f5b2cf44e0a1 | G55: 价值交付三组 | I55: af | J55: oa.haiheangroup.com:8788/api/systemViewLog/home/InsertSystemPageViewLog | K55: 自定义usecase、安全分析中台引擎 | L55: 46097.762 | M55: 46097.762 | N55: 李想 | P55: 中 | R55: 58.210.102.54 | S55: 172.16.5.31 | U55: T20240118201716341 | V55: 服务内 (7*24H) | W55: 服务器 | X55: 上海园区MSS资产>泛微oa系统-应用服务器 | Y55: 郭永斌 | Z55: 46097.762 | AB55: 正常 | AD55: 失败 | AE55: 外-内 | AG55: 0天0时0分4秒 | AH55: 46097.762 | AM55: http | AO55: 全部未知 | AP55: 30min | AQ55: 46097.783 | AR55: 高可信
A56: 弱口令登录成功 | B56: 中 | C56: 172.16.5.31 | D56: 脆弱性>账号安全 | E56: 已忽略（自动） | F56: 69b7d63a4cef246aae946d5c | G56: 价值交付三组 | I56: sta | J56: oa.haiheangroup.com:8788/api/hrm/login/checkLogin | K56: 安全分析中台引擎 | L56: 46097.754 | M56: 46097.754 | N56: 李想 | P56: 中 | R56: 58.210.102.54 | S56: 172.16.5.31 | U56: T20240625103030429 | V56: 服务内 (7*24H) | W56: 服务器 | X56: 上海园区MSS资产>泛微oa系统-应用服务器 | Y56: 郭永斌 | Z56: 46097.755 | AA56: MSSP | AB56: 正常 | AD56: 成功 | AE56: 外-内 | AG56: 0天0时0分2秒 | AH56: 46097.755 | AM56: http | AN56: 665f1228c5c67f4645b0a64b | AO56: 全部未知 | AP56: 30min | AQ56: 46097.776 | AR56: 中可信
A57: 主机遭受web攻击 | B57: 中 | C57: 172.16.5.31 | D57: 外部威胁>web攻击 | E57: 已忽略（自动） | F57: 69b7d55144107df81566d77b | G57: 价值交付三组 | I57: af | J57: oa.haiheangroup.com:8788/api/systemViewLog/home/InsertSystemPageViewLog | K57: 自定义usecase、安全分析中台引擎 | L57: 46097.752 | M57: 46097.752 | N57: 李想 | P57: 中 | R57: 101.204.24.178 | S57: 172.16.5.31 | U57: T20240118201716341 | V57: 服务内 (7*24H) | W57: 服务器 | X57: 上海园区MSS资产>泛微oa系统-应用服务器 | Y57: 郭永斌 | Z57: 46097.752 | AB57: 正常 | AD57: 失败 | AE57: 外-内 | AG57: 0天0时0分7秒 | AH57: 46097.752 | AM57: http | AO57: 全部未知 | AP57: 30min | AQ57: 46097.773 | AR57: 高可信
A58: 主机存在感染僵尸网络家族malware | B58: 低 | C58: 192.168.1.138 | D58: 内部威胁>僵尸网络 | E58: 已忽略（自动） | F58: 69af702d02504307e6bb58e6 | G58: 价值交付三组 | I58: XDR_sta | J58: 137.220.135.153:5178 | K58: APEX-GPT引擎 | L58: 46077.375 | M58: 46097.748 | P58: 已失陷 | R58: 192.168.1.138 | S58: 137.220.135.153 | T58: - | U58: 2e3269e10000 | V58: 服务外 | W58: 服务器 | X58: 天津园区MSS资产>资产发现系统默认分组 | Y58: 郭永斌 | Z58: 46091.384 | AA58: MSSP | AB58: 正常 | AD58: 失陷 | AE58: 内-外 | AG58: 0天0时0分2秒 | AH58: 46091.384 | AK58: 57776 | AL58: 5178 | AM58: tcp | AN58: 66ac46f31af7a614fd65393e | AP58: 30min | AQ58: 46091.405 | AR58: 高可信
A59: 主机遭受web攻击 | B59: 中 | C59: 172.16.5.31 | D59: 外部威胁>web攻击 | E59: 已忽略（自动） | F59: 69b7cac534c7f5b2cf44df18 | G59: 价值交付三组 | I59: sta | J59: oa.haiheangroup.com:88/emp/api/log/record | K59: 自定义usecase、安全分析中台引擎 | L59: 46097.72 | M59: 46097.727 | N59: 安宏祥 | P59: 中 | R59: 49.93.49.0 | S59: 172.16.5.31 | U59: T20240118201716341 | V59: 服务内 (7*24H) | W59: 服务器 | X59: 上海园区MSS资产>泛微oa系统-应用服务器 | Y59: 郭永斌 | Z59: 46097.721 | AB59: 正常 | AD59: 失败 | AE59: 外-内 | AG59: 0天0时0分4秒 | AH59: 46097.721 | AM59: http | AO59: 全部未知 | AP59: 30min | AQ59: 46097.742 | AR59: 高可信
A60: 主机存在感染钓鱼软件家族phishing | B60: 低 | C60: 192.168.1.150 | D60: 内部威胁>钓鱼网站 | E60: 已忽略（自动） | F60: 69b7c877998f55ce51ba602b | G60: 价值交付三组 | I60: XDR_sta | J60: js.amy-cdn.cyou | K60: APEX-GPT引擎 | L60: 46097.713 | M60: 46097.713 | P60: 高 | R60: 192.168.1.150 | S60: 114.114.114.114 | T60: - | U60: 8ebcd8ca0000 | V60: 服务外 | W60: 服务器 | X60: 天津园区MSS资产>资产发现系统默认分组 | Y60: 郭永斌 | Z60: 46097.714 | AA60: MSSP | AB60: 正常 | AD60: 失陷 | AE60: 内-外 | AG60: 0天0时0分3秒 | AH60: 46097.714 | AK60: 51390 | AL60: 53 | AM60: dns | AN60: 66ac46f31af7a614fd65393e | AP60: 30min | AQ60: 46097.735 | AR60: 高可信
A61: 主机遭受web攻击 | B61: 中 | C61: 192.168.22.23 | D61: 外部威胁>web攻击 | E61: 已忽略（自动） | F61: 69b7c0db45595bae97b083cc | G61: 价值交付三组 | I61: af | J61: 60.28.99.74:8443/fort/ip_and_port;help/port_validate | K61: 自定义usecase、安全分析中台引擎 | L61: 46097.691 | M61: 46097.692 | P61: 中 | R61: 113.45.15.50 | S61: 192.168.22.23 | U61: T20240118201716341 | V61: 服务外 | W61: 服务器 | X61: 天津园区MSS资产>天津堡垒机 | Y61: 郭永斌 | Z61: 46097.691 | AA61: MSSP | AB61: 正常 | AD61: 失败 | AE61: 外-内 | AG61: 0天0时0分1秒 | AH61: 46097.691 | AM61: https | AN61: 66ac46f31af7a614fd65393e | AO61: 全部未知 | AP61: 30min | AQ61: 46097.712 | AR61: 高可信
A62: 泛微OA后台管理页面暴露在公网 | B62: 低 | C62: 172.16.5.31 | D62: 脆弱性>敏感页面暴露 | E62: 已忽略（自动） | F62: 69b67463741d8d2486b90112 | G62: 价值交付三组 | I62: sta | J62: oa.haiheangroup.com:8788/api/hrm/login/checkLogin | K62: 脆弱性、安全分析中台引擎 | L62: 46096.706 | M62: 46097.69 | N62: 林俊杰 | P62: 低 | R62: 27.17.5.74 | S62: 172.16.5.31 | U62: T20221108090812259 | V62: 服务内 (7*24H) | W62: 服务器 | X62: 上海园区MSS资产>泛微oa系统-应用服务器 | Y62: 郭永斌 | Z62: 46096.706 | AA62: MSSP | AB62: 正常 | AD62: 成功 | AE62: 外-内 | AG62: 0天0时0分2秒 | AH62: 46096.706 | AK62: 60098 | AL62: 8788 | AM62: http | AN62: 67f76f1630da8824bbe523c5 | AO62: 全部未知 | AP62: 30min | AQ62: 46096.727 | AR62: 中可信
A63: 弱口令登录成功 | B63: 中 | C63: 172.16.5.31 | D63: 脆弱性>账号安全 | E63: 已驳回 | F63: 69b75976a0e97d17dfae611d | G63: 价值交付三组 | I63: sta | J63: oa.haiheangroup.com:8788/api/hrm/login/checkLogin | K63: 安全分析中台引擎 | L63: 46097.384 | M63: 46097.689 | N63: 涂峰川 | P63: 中 | R63: 219.147.9.110 | S63: 172.16.5.31 | U63: T20240625103030429 | V63: 服务内 (7*24H) | W63: 服务器 | X63: 上海园区MSS资产>泛微oa系统-应用服务器 | Y63: 郭永斌 | Z63: 46097.385 | AA63: PE | AB63: 正常 | AD63: 成功 | AE63: 外-内 | AG63: 0天0时0分2秒 | AH63: 46097.385 | AM63: http | AN63: 665f1228c5c67f4645b0a64b | AO63: 全部未知 | AP63: 30min | AQ63: 46097.406 | AR63: 中可信 | AS63: E26031104746 | AT63: 郭永斌 | AU63: 业务触发
A64: 主机遭受web攻击 | B64: 中 | C64: 172.16.5.31 | D64: 外部威胁>web攻击 | E64: 已忽略（自动） | F64: 69b7b7f1619e35f1f75a1c7e | G64: 价值交付三组 | I64: af | J64: oa.haiheangroup.com:8788/api/systemViewLog/home/InsertSystemPageViewLog | K64: 自定义usecase、安全分析中台引擎 | L64: 46097.665 | M64: 46097.673 | N64: 李涛 | P64: 中 | R64: 112.225.128.187 | S64: 172.16.5.31 | U64: T20240118201716341 | V64: 服务内 (7*24H) | W64: 服务器 | X64: 上海园区MSS资产>泛微oa系统-应用服务器 | Y64: 郭永斌 | Z64: 46097.665 | AB64: 正常 | AD64: 失败 | AE64: 外-内 | AG64: 0天0时0分3秒 | AH64: 46097.665 | AM64: http | AO64: 全部未知 | AP64: 30min | AQ64: 46097.686 | AR64: 高可信
A65: 主机存在感染挖矿家族coinminer | B65: 低 | C65: 192.168.1.7 | D65: 内部威胁>挖矿 | E65: 已忽略（自动） | F65: 69b7b5b5c87d3abad4f8bcaf | G65: 价值交付三组 | I65: XDR_sta | J65: www.sparkpool.com | K65: APEX-GPT引擎 | L65: 46048.609 | M65: 46097.658 | P65: 高 | R65: 192.168.1.7 | S65: 114.114.114.114 | T65: - | U65: 8eb159ba0000 | V65: 服务外 | W65: 终端 | X65: 天津园区MSS资产>青岛办公pc或监控 | Y65: 郭永斌 | Z65: 46097.658 | AA65: MSSP | AB65: 正常 | AD65: 失陷 | AE65: 内-外 | AG65: 0天0时0分3秒 | AH65: 46097.658 | AK65: 62259 | AL65: 53 | AM65: dns | AN65: 66ac46f31af7a614fd65393e | AP65: 30min | AQ65: 46097.679 | AR65: 高可信
A66: 主机遭受web攻击 | B66: 中 | C66: 172.16.5.31 | D66: 外部威胁>web攻击 | E66: 已忽略（自动） | F66: 69b7b54953b3105a30005709 | G66: 价值交付三组 | I66: af | J66: oa.haiheangroup.com:8788/api/systemViewLog/home/InsertSystemPageViewLog | K66: 自定义usecase、安全分析中台引擎 | L66: 46097.657 | M66: 46097.657 | N66: 涂峰川 | P66: 中 | R66: 27.17.5.74 | S66: 172.16.5.31 | U66: T20240118201716341 | V66: 服务内 (7*24H) | W66: 服务器 | X66: 上海园区MSS资产>泛微oa系统-应用服务器 | Y66: 郭永斌 | Z66: 46097.657 | AB66: 正常 | AD66: 失败 | AE66: 外-内 | AG66: 0天0时0分3秒 | AH66: 46097.657 | AM66: http | AO66: 全部未知 | AP66: 30min | AQ66: 46097.678 | AR66: 高可信
A67: 主机存在SQLServer加密快速暴力破解攻击成功等内网横向行为 | B67: 中 | C67: 192.168.1.110 | D67: 内部威胁>账号爆破 | E67: 未处置 | F67: 69b79f0a49fbf65878537fc2 | G67: 价值交付三组 | I67: XDR_sta | J67: 192.168.1.110 | K67: 可疑事件、APEX-GPT引擎 | L67: 46097.586 | M67: 46097.651 | R67: 192.168.1.110 | S67: 192.168.1.101 | T67: - | U67: 317820221 | V67: 服务内 (7*24H) | W67: 服务器 | X67: 青岛园区>青岛项目中豪闸机应用服务器 | Y67: 郭永斌 | Z67: 46097.591 | AB67: 正常 | AE67: 内-内 | AG67: - | AK67: 59123 | AL67: 1433 | AM67: sql_server | AP67: 30min | AQ67: 46097.612 | AR67: 中可信
A68: 主机遭受web攻击 | B68: 中 | C68: 172.16.1.4 | D68: 外部威胁>web攻击 | E68: 已忽略（自动） | F68: 69b7b148444e5db4916e0167 | G68: 价值交付三组 | I68: af | J68: blj.haiheangroup.com:9443/isomp-protocol/protocol/session | K68: 自定义usecase、安全分析中台引擎 | L68: 46097.645 | M68: 46097.645 | P68: 中 | R68: 121.237.196.65 | S68: 172.16.1.4 | U68: T20240118201716341 | V68: 服务外 | W68: 未知 | X68: 上海园区MSS资产>深信服堡垒机 | Y68: 郭永斌 | Z68: 46097.645 | AA68: MSSP | AB68: 正常 | AD68: 失败 | AE68: 外-内 | AG68: 0天0时0分10秒 | AH68: 46097.645 | AM68: https | AN68: 66ac46f31af7a614fd65393e | AO68: 全部未知 | AP68: 30min | AQ68: 46097.666 | AR68: 高可信
A69: 主机存在DNS隧道通信 | B69: 高 | C69: 192.168.20.62 | D69: 内部威胁>隐秘隧道 | E69: 已忽略（自动） | F69: 69b7b1617bb10ff966cc88af | G69: 价值交付三组 | I69: XDR_af | J69: 192.168.20.62 | K69: 可疑事件、APEX-GPT引擎 | L69: 46097.645 | M69: 46097.645 | P69: 高 | R69: 192.168.20.62 | S69: 223.5.5.5 | T69: - | U69: 317860001 | V69: 服务外 | W69: 未知 | X69: 武汉园区 | Y69: 郭永斌 | Z69: 46097.646 | AA69: MSSP | AB69: 正常 | AD69: 失败 | AE69: 内-外 | AG69: 0天0时0分7秒 | AH69: 46097.646 | AK69: 60213 | AL69: 53 | AM69: udp | AN69: 66ac46f31af7a614fd65393e | AP69: 30min | AQ69: 46097.666 | AR69: 中可信
A70: 主机存在DNS隧道通用引擎DNS通信 | B70: 高 | C70: 192.168.4.40 | D70: 内部威胁>隐秘隧道 | E70: 已忽略（自动） | F70: 69b7b161120308c75987fc28 | G70: 价值交付三组 | I70: XDR_af | J70: 192.168.4.40 | K70: 可疑事件、APEX-GPT引擎 | L70: 46097.644 | M70: 46097.644 | P70: 中 | R70: 192.168.4.40 | S70: 119.0.64.72 | T70: - | U70: 317860001 | V70: 服务外 | W70: 终端 | X70: 武汉园区>武汉售票PC电脑 | Y70: 郭永斌 | Z70: 46097.646 | AA70: MSSP | AB70: 正常 | AE70: 内-外 | AG70: 0天0时0分2秒 | AH70: 46097.646 | AK70: 20676 | AL70: 53 | AM70: dns | AN70: 66ac46f31af7a614fd65393e | AP70: 30min | AQ70: 46097.666 | AR70: 中可信
A71: 弱口令登录成功 | B71: 中 | C71: 172.16.5.31 | D71: 脆弱性>账号安全 | E71: 已忽略（自动） | F71: 69b7ade5a396910f1b7764a0 | G71: 价值交付三组 | I71: sta | J71: oa.haiheangroup.com:8788/api/hrm/login/checkLogin | K71: 安全分析中台引擎 | L71: 46097.635 | M71: 46097.635 | N71: 李涛 | P71: 中 | R71: 27.17.5.74 | S71: 172.16.5.31 | U71: T20240625103030429 | V71: 服务内 (7*24H) | W71: 服务器 | X71: 上海园区MSS资产>泛微oa系统-应用服务器 | Y71: 郭永斌 | Z71: 46097.635 | AA71: MSSP | AB71: 正常 | AD71: 成功 | AE71: 外-内 | AG71: 0天0时0分5秒 | AH71: 46097.635 | AM71: http | AN71: 665f1228c5c67f4645b0a64b | AO71: 全部未知 | AP71: 30min | AQ71: 46097.656 | AR71: 中可信
A72: 主机遭受web攻击 | B72: 中 | C72: 172.16.1.4 | D72: 外部威胁>web攻击 | E72: 已忽略（自动） | F72: 69b79cc1444e5db4916dfea8 | G72: 价值交付三组 | I72: af | J72: blj.haiheangroup.com:9443/isomp-protocol/protocol/session | K72: 自定义usecase、安全分析中台引擎 | L72: 46097.584 | M72: 46097.621 | P72: 中 | R72: 121.237.196.65 | S72: 172.16.1.4 | U72: T20240118201716341 | V72: 服务外 | W72: 未知 | X72: 上海园区MSS资产>深信服堡垒机 | Y72: 郭永斌 | Z72: 46097.584 | AA72: MSSP | AB72: 正常 | AD72: 失败 | AE72: 外-内 | AG72: 0天0时0分5秒 | AH72: 46097.585 | AM72: https | AN72: 66ac46f31af7a614fd65393e | AO72: 全部未知 | AP72: 30min | AQ72: 46097.605 | AR72: 高可信
A73: 弱口令登录成功 | B73: 中 | C73: 172.16.5.31 | D73: 脆弱性>账号安全 | E73: 已忽略（自动） | F73: 69b7a8dd34c7f5b2cf44da97 | G73: 价值交付三组 | I73: sta | J73: oa.haiheangroup.com:8788/api/hrm/login/checkLogin | K73: 安全分析中台引擎 | L73: 46097.62 | M73: 46097.62 | N73: 安宏祥 | P73: 中 | R73: 219.147.9.110 | S73: 172.16.5.31 | U73: T20240625103030429 | V73: 服务内 (7*24H) | W73: 服务器 | X73: 上海园区MSS资产>泛微oa系统-应用服务器 | Y73: 郭永斌 | Z73: 46097.62 | AA73: MSSP | AB73: 正常 | AD73: 成功 | AE73: 外-内 | AG73: 0天0时0分2秒 | AH73: 46097.62 | AM73: http | AN73: 665f1228c5c67f4645b0a64b | AO73: 全部未知 | AP73: 30min | AQ73: 46097.641 | AR73: 中可信
A74: 弱口令登录成功 | B74: 中 | C74: 192.168.2.159 | D74: 脆弱性>账号安全 | E74: 已忽略（自动） | F74: 69b7a91ce4fad79a6e554ddd | G74: 价值交付三组 | I74: sta | J74: oa.haiheangroup.com:8788/api/hrm/login/checkLogin | K74: 安全分析中台引擎 | L74: 46097.62 | M74: 46097.62 | P74: 中 | R74: 192.168.2.159 | S74: 222.92.117.176 | U74: T20240625103030429 | V74: 服务外 | W74: 服务器 | X74: 青岛园区>资产发现系统默认分组 | Y74: 郭永斌 | Z74: 46097.621 | AA74: MSSP | AB74: 正常 | AD74: 成功 | AE74: 内-外 | AG74: 0天0时0分2秒 | AH74: 46097.621 | AM74: http | AN74: 66ac46f31af7a614fd65393e | AO74: 全部未知 | AP74: 30min | AQ74: 46097.642 | AR74: 中可信
A75: 主机遭受web攻击 | B75: 中 | C75: 172.16.5.31 | D75: 外部威胁>web攻击 | E75: 已忽略（自动） | F75: 69b7a69853b3105a300054f3 | G75: 价值交付三组 | I75: af | J75: oa.haiheangroup.com:8788/api/systemViewLog/home/InsertSystemPageViewLog | K75: 自定义usecase、安全分析中台引擎 | L75: 46097.613 | M75: 46097.613 | N75: 安宏祥 | P75: 中 | R75: 27.17.5.74 | S75: 172.16.5.31 | U75: T20240118201716341 | V75: 服务内 (7*24H) | W75: 服务器 | X75: 上海园区MSS资产>泛微oa系统-应用服务器 | Y75: 郭永斌 | Z75: 46097.614 | AB75: 正常 | AD75: 失败 | AE75: 外-内 | AG75: 0天0时0分7秒 | AH75: 46097.614 | AM75: http | AO75: 全部未知 | AP75: 30min | AQ75: 46097.634 | AR75: 高可信
A76: 主机遭受web攻击 | B76: 中 | C76: 172.16.5.31 | D76: 外部威胁>web攻击 | E76: 已忽略（自动） | F76: 69b7a1ea53b3105a3000546b | G76: 价值交付三组 | I76: af | J76: oa.haiheangroup.com:8788/api/systemViewLog/home/InsertSystemPageViewLog | K76: 自定义usecase、安全分析中台引擎 | L76: 46097.6 | M76: 46097.6 | N76: 李涛 | P76: 中 | R76: 221.238.2.150 | S76: 172.16.5.31 | U76: T20240118201716341 | V76: 服务内 (7*24H) | W76: 服务器 | X76: 上海园区MSS资产>泛微oa系统-应用服务器 | Y76: 郭永斌 | Z76: 46097.6 | AB76: 正常 | AD76: 失败 | AE76: 外-内 | AG76: 0天0时0分5秒 | AH76: 46097.6 | AM76: http | AO76: 全部未知 | AP76: 30min | AQ76: 46097.621 | AR76: 高可信
A77: 主机遭受web攻击 | B77: 中 | C77: 172.16.5.31 | D77: 外部威胁>web攻击 | E77: 已忽略（自动） | F77: 69b79295b3f2e004b99c6dd7 | G77: 价值交付三组 | I77: sta | J77: oa.haiheangroup.com:8788/api/systemViewLog/home/InsertSystemPageViewLog | K77: 自定义usecase、安全分析中台引擎 | L77: 46097.554 | M77: 46097.59 | N77: 李想 | P77: 中 | R77: 122.190.135.5 | S77: 172.16.5.31 | U77: T20240118201716341 | V77: 服务内 (7*24H) | W77: 服务器 | X77: 上海园区MSS资产>泛微oa系统-应用服务器 | Y77: 郭永斌 | Z77: 46097.554 | AB77: 正常 | AD77: 失败 | AE77: 外-内 | AG77: 0天0时0分3秒 | AH77: 46097.554 | AM77: http | AO77: 全部未知 | AP77: 30min | AQ77: 46097.575 | AR77: 高可信
A78: XDR-STA设备离线 | B78: 高 | C78: 0.0.0.0 | D78: 策略调优>设备离线 | E78: 已完成 | F78: 69b79c444164fc338412bca4 | G78: 价值交付三组 | I78: xdr-sta | K78: 设备离线 | L78: 46097.583 | M78: 46097.583 | N78: 李想 | P78: 高 | V78: 服务内 (7*24H) | W78: 未知 | X78: 未归类组 | Y78: 郭永斌 | Z78: 46097.583 | AB78: 正常 | AE78: 未知 | AG78: - | AP78: 30min | AQ78: 46097.604 | AR78: 低可信
A79: 主机遭受web攻击 | B79: 中 | C79: 192.168.22.23 | D79: 外部威胁>web攻击 | E79: 已忽略（自动） | F79: 69b7989ee4fad79a6e554bcf | G79: 价值交付三组 | I79: af | J79: 221.238.2.150:8443/isomp-protocol/protocol/session | K79: 自定义usecase、安全分析中台引擎 | L79: 46097.572 | M79: 46097.572 | P79: 中 | R79: 119.187.32.191 | S79: 192.168.22.23 | U79: T20240118201716341 | V79: 服务外 | W79: 服务器 | X79: 天津园区MSS资产>天津堡垒机 | Y79: 郭永斌 | Z79: 46097.572 | AA79: MSSP | AB79: 正常 | AD79: 待研判 | AE79: 外-内 | AG79: 0天0时0分1秒 | AH79: 46097.572 | AM79: https | AN79: 66ac46f31af7a614fd65393e | AO79: 全部未知 | AP79: 30min | AQ79: 46097.593 | AR79: 高可信
A80: 弱口令登录成功 | B80: 中 | C80: 172.16.5.31 | D80: 脆弱性>账号安全 | E80: 已忽略（自动） | F80: 69b796910baeeb9910a78d30 | G80: 价值交付三组 | I80: sta | J80: oa.haiheangroup.com:8788/api/hrm/login/checkLogin | K80: 安全分析中台引擎 | L80: 46097.565 | M80: 46097.565 | N80: 李想 | P80: 中 | R80: 219.147.9.110 | S80: 172.16.5.31 | U80: T20240625103030429 | V80: 服务内 (7*24H) | W80: 服务器 | X80: 上海园区MSS资产>泛微oa系统-应用服务器 | Y80: 郭永斌 | Z80: 46097.566 | AA80: MSSP | AB80: 正常 | AD80: 成功 | AE80: 外-内 | AG80: 0天0时0分2秒 | AH80: 46097.566 | AM80: http | AN80: 665f1228c5c67f4645b0a64b | AO80: 全部未知 | AP80: 30min | AQ80: 46097.587 | AR80: 中可信
A81: 主机存在暴力破解威胁 | B81: 低 | C81: 192.168.4.209 | D81: 内部威胁>账号爆破 | E81: 未处置 | F81: 69a4de78ee465e849ec6d53c | G81: 价值交付三组 | I81: XDR_edr | J81: 192.168.18.251 | K81: 可疑事件、APEX-GPT引擎 | L81: 46054.904 | M81: 46097.491 | R81: 192.168.18.251 | S81: 192.168.4.209 | V81: 服务内 (7*24H) | W81: 服务器 | X81: 武汉园区>武汉数据库还原测试 | Y81: 郭永斌 | Z81: 46083.367 | AB81: 正常 | AE81: 内-内 | AG81: - | AK81: None | AL81: None | AP81: 30min | AQ81: 46083.388 | AR81: 中可信
A82: 弱口令登录成功 | B82: 中 | C82: 172.16.5.31 | D82: 脆弱性>账号安全 | E82: 已忽略（自动） | F82: 69b77587444e5db4916df914 | G82: 价值交付三组 | I82: sta | J82: oa.haiheangroup.com:8788/api/hrm/login/checkLogin | K82: 安全分析中台引擎 | L82: 46097.467 | M82: 46097.467 | N82: 李涛 | P82: 中 | R82: 60.27.106.163 | S82: 172.16.5.31 | U82: T20240625103030429 | V82: 服务内 (7*24H) | W82: 服务器 | X82: 上海园区MSS资产>泛微oa系统-应用服务器 | Y82: 郭永斌 | Z82: 46097.468 | AA82: MSSP | AB82: 正常 | AD82: 成功 | AE82: 外-内 | AG82: 0天0时0分5秒 | AH82: 46097.468 | AM82: http | AN82: 665f1228c5c67f4645b0a64b | AO82: 全部未知 | AP82: 30min | AQ82: 46097.489 | AR82: 中可信
A83: 主机遭受web攻击 | B83: 中 | C83: 172.16.5.31 | D83: 外部威胁>web攻击 | E83: 已忽略（自动） | F83: 69b76dc453b3105a30004cfd | G83: 价值交付三组 | I83: af | J83: oa.haiheangroup.com:8788/api/systemViewLog/home/InsertSystemPageViewLog | K83: 自定义usecase、安全分析中台引擎 | L83: 46097.445 | M83: 46097.467 | N83: 李涛 | P83: 中 | R83: 27.17.5.74 | S83: 172.16.5.31 | U83: T20240118201716341 | V83: 服务内 (7*24H) | W83: 服务器 | X83: 上海园区MSS资产>泛微oa系统-应用服务器 | Y83: 郭永斌 | Z83: 46097.445 | AB83: 正常 | AD83: 失败 | AE83: 外-内 | AG83: 0天0时0分5秒 | AH83: 46097.445 | AM83: http | AO83: 全部未知 | AP83: 30min | AQ83: 46097.466 | AR83: 高可信
A84: 弱口令登录成功 | B84: 中 | C84: 172.16.5.31 | D84: 脆弱性>账号安全 | E84: 已忽略（自动） | F84: 69b76c1c741d8d2486b9193a | G84: 价值交付三组 | I84: sta | J84: oa.haiheangroup.com:8788/api/hrm/login/checkLogin | K84: 安全分析中台引擎 | L84: 46097.44 | M84: 46097.44 | N84: 安宏祥 | P84: 中 | R84: 153.34.121.130 | S84: 172.16.5.31 | U84: T20240625103030429 | V84: 服务内 (7*24H) | W84: 服务器 | X84: 上海园区MSS资产>泛微oa系统-应用服务器 | Y84: 郭永斌 | Z84: 46097.44 | AA84: MSSP | AB84: 正常 | AD84: 成功 | AE84: 外-内 | AG84: 0天0时0分3秒 | AH84: 46097.44 | AM84: http | AN84: 665f1228c5c67f4645b0a64b | AO84: 全部未知 | AP84: 30min | AQ84: 46097.461 | AR84: 中可信
A85: 主机遭受web攻击 | B85: 中 | C85: 172.16.1.4 | D85: 外部威胁>web攻击 | E85: 已忽略（自动） | F85: 69b76351e4fad79a6e554369 | G85: 价值交付三组 | I85: af | J85: 222.92.117.175:9443/fort/system;help/netConfig/add_DNS | K85: 自定义usecase、安全分析中台引擎 | L85: 46097.414 | M85: 46097.423 | P85: 中 | R85: 119.187.32.191 | S85: 172.16.1.4 | U85: T20240118201716341 | V85: 服务外 | W85: 未知 | X85: 上海园区MSS资产>深信服堡垒机 | Y85: 郭永斌 | Z85: 46097.414 | AA85: MSSP | AB85: 正常 | AD85: 失败 | AE85: 外-内 | AG85: 0天0时0分3秒 | AH85: 46097.414 | AM85: https | AN85: 66ac46f31af7a614fd65393e | AO85: 全部未知 | AP85: 30min | AQ85: 46097.435 | AR85: 高可信
A86: 主机遭受web攻击 | B86: 中 | C86: 172.16.5.31 | D86: 外部威胁>web攻击 | E86: 已忽略（自动） | F86: 69b7636844107df81566c6f5 | G86: 价值交付三组 | I86: sta | J86: oa.haiheangroup.com:8788/api/systemViewLog/home/InsertSystemPageViewLog | K86: 自定义usecase、安全分析中台引擎 | L86: 46097.414 | M86: 46097.417 | N86: 安宏祥 | P86: 中 | R86: 101.204.24.178 | S86: 172.16.5.31 | U86: T20240118201716341 | V86: 服务内 (7*24H) | W86: 服务器 | X86: 上海园区MSS资产>泛微oa系统-应用服务器 | Y86: 郭永斌 | Z86: 46097.415 | AB86: 正常 | AD86: 失败 | AE86: 外-内 | AG86: 0天0时0分5秒 | AH86: 46097.415 | AM86: http | AO86: 全部未知 | AP86: 30min | AQ86: 46097.435 | AR86: 高可信
A87: 主机存在感染钓鱼软件家族phishing | B87: 低 | C87: 192.168.20.29 | D87: 内部威胁>钓鱼网站 | E87: 已忽略（自动） | F87: 69b76377c87d3abad4f8a6ab | G87: 价值交付三组 | I87: XDR_sta | J87: lu-da-shi.top | K87: APEX-GPT引擎 | L87: 46097.414 | M87: 46097.414 | P87: 高 | R87: 192.168.20.29 | S87: 223.5.5.5 | T87: - | U87: 8ebcd8ca0000 | V87: 服务外 | W87: 未知 | X87: 武汉园区 | Y87: 郭永斌 | Z87: 46097.415 | AA87: MSSP | AB87: 正常 | AD87: 失陷 | AE87: 内-外 | AG87: 0天0时0分8秒 | AH87: 46097.415 | AK87: 50860 | AL87: 53 | AM87: dns | AN87: 66ac46f31af7a614fd65393e | AP87: 30min | AQ87: 46097.436 | AR87: 高可信
A88: 弱口令登录成功 | B88: 中 | C88: 172.16.5.31 | D88: 脆弱性>账号安全 | E88: 已忽略（自动） | F88: 69b75ee6a396910f1b775973 | G88: 价值交付三组 | I88: sta | J88: oa.haiheangroup.com:8788/api/hrm/login/checkLogin | K88: 安全分析中台引擎 | L88: 46097.4 | M88: 46097.4 | N88: 安宏祥 | P88: 中 | R88: 219.147.9.110 | S88: 172.16.5.31 | U88: T20240625103030429 | V88: 服务内 (7*24H) | W88: 服务器 | X88: 上海园区MSS资产>泛微oa系统-应用服务器 | Y88: 郭永斌 | Z88: 46097.401 | AA88: MSSP | AB88: 正常 | AD88: 成功 | AE88: 外-内 | AG88: 0天0时0分5秒 | AH88: 46097.401 | AM88: http | AN88: 665f1228c5c67f4645b0a64b | AO88: 全部未知 | AP88: 30min | AQ88: 46097.422 | AR88: 中可信
A89: 主机遭受web攻击 | B89: 中 | C89: 172.16.5.31 | D89: 外部威胁>web攻击 | E89: 已忽略（自动） | F89: 69b75d8853b3105a30004a65 | G89: 价值交付三组 | I89: af | J89: oa.haiheangroup.com:8788/api/systemViewLog/home/InsertSystemPageViewLog | K89: 自定义usecase、安全分析中台引擎 | L89: 46097.397 | M89: 46097.397 | N89: 李涛 | P89: 中 | R89: 221.238.2.150 | S89: 172.16.5.31 | U89: T20240118201716341 | V89: 服务内 (7*24H) | W89: 服务器 | X89: 上海园区MSS资产>泛微oa系统-应用服务器 | Y89: 郭永斌 | Z89: 46097.397 | AB89: 正常 | AD89: 失败 | AE89: 外-内 | AG89: 0天0时0分6秒 | AH89: 46097.397 | AM89: http | AO89: 全部未知 | AP89: 30min | AQ89: 46097.418 | AR89: 高可信
A90: 弱口令登录成功 | B90: 中 | C90: 172.16.5.31 | D90: 脆弱性>账号安全 | E90: 已驳回 | F90: 69b75b288ccf7e4eb1e47fdf | G90: 价值交付三组 | I90: sta | J90: oa.haiheangroup.com:8788/api/hrm/login/checkLogin | K90: 安全分析中台引擎 | L90: 46097.389 | M90: 46097.389 | N90: 涂峰川 | P90: 中 | R90: 219.147.9.110 | S90: 172.16.5.31 | U90: T20240625103030429 | V90: 服务内 (7*24H) | W90: 服务器 | X90: 上海园区MSS资产>泛微oa系统-应用服务器 | Y90: 郭永斌 | Z90: 46097.39 | AA90: PE | AB90: 正常 | AD90: 成功 | AE90: 外-内 | AG90: 0天0时0分5秒 | AH90: 46097.39 | AM90: http | AN90: 665f1228c5c67f4645b0a64b | AO90: 全部未知 | AP90: 30min | AQ90: 46097.411 | AR90: 中可信 | AS90: E26031104746 | AT90: 郭永斌 | AU90: 业务触发
A91: XDR-STA设备离线 | B91: 高 | C91: 0.0.0.0 | D91: 策略调优>设备离线 | E91: 已完成 | F91: 69b756524164fc338412abf2 | G91: 价值交付三组 | I91: xdr-sta | K91: 设备离线 | L91: 46097.376 | M91: 46097.376 | N91: 信服小安 | P91: 高 | V91: 服务内 (7*24H) | W91: 未知 | X91: 未归类组 | Y91: 郭永斌 | Z91: 46097.376 | AB91: 正常 | AE91: 未知 | AG91: - | AP91: 30min | AQ91: 46097.397 | AR91: 低可信
A92: TSS设备离线 | B92: 高 | C92: 192.168.22.5 | D92: 策略调优>设备离线 | E92: 已完成 | F92: 69b75651b8cf5597ebb9c817 | G92: 价值交付三组 | I92: tss | K92: 设备离线 | L92: 46097.376 | M92: 46097.376 | N92: 信服小安 | P92: 高 | V92: 服务内 (7*24H) | W92: 未知 | X92: 天津园区MSS资产 | Y92: 郭永斌 | Z92: 46097.376 | AB92: 正常 | AE92: 未知 | AG92: - | AP92: 30min | AQ92: 46097.397 | AR92: 低可信
A93: 弱口令登录成功 | B93: 中 | C93: 172.16.5.31 | D93: 脆弱性>账号安全 | E93: 已驳回 | F93: 69b755388ccf7e4eb1e47ed3 | G93: 价值交付三组 | I93: sta | J93: oa.haiheangroup.com:8788/api/hrm/login/checkLogin | K93: 安全分析中台引擎 | L93: 46097.372 | M93: 46097.372 | N93: 杨美钞 | P93: 中 | R93: 27.17.5.74 | S93: 172.16.5.31 | U93: T20240625103030429 | V93: 服务内 (7*24H) | W93: 服务器 | X93: 上海园区MSS资产>泛微oa系统-应用服务器 | Y93: 郭永斌 | Z93: 46097.372 | AA93: PE | AB93: 正常 | AD93: 成功 | AE93: 外-内 | AG93: 0天0时0分3秒 | AH93: 46097.373 | AM93: http | AN93: 665f1228c5c67f4645b0a64b | AO93: 全部未知 | AP93: 30min | AQ93: 46097.393 | AR93: 中可信 | AS93: E26031104746 | AT93: 郭永斌 | AU93: 业务触发
A94: 弱口令登录成功 | B94: 中 | C94: 172.16.5.31 | D94: 脆弱性>账号安全 | E94: 已驳回 | F94: 69b75448a396910f1b7757b0 | G94: 价值交付三组 | I94: sta | J94: oa.haiheangroup.com:8788/api/hrm/login/checkLogin | K94: 安全分析中台引擎 | L94: 46097.369 | M94: 46097.369 | N94: 杨美钞 | P94: 中 | R94: 219.147.9.110 | S94: 172.16.5.31 | U94: T20240625103030429 | V94: 服务内 (7*24H) | W94: 服务器 | X94: 上海园区MSS资产>泛微oa系统-应用服务器 | Y94: 郭永斌 | Z94: 46097.37 | AA94: PE | AB94: 正常 | AD94: 成功 | AE94: 外-内 | AG94: 0天0时0分5秒 | AH94: 46097.37 | AM94: http | AN94: 665f1228c5c67f4645b0a64b | AO94: 全部未知 | AP94: 30min | AQ94: 46097.391 | AR94: 中可信 | AS94: E26031104746 | AT94: 郭永斌 | AU94: 业务触发
A95: 主机存在暴力破解威胁 | B95: 低 | C95: 192.168.4.209 | D95: 应急工单>账号爆破 | E95: 已驳回 | F95: 69b5fa03c87d3abad4f879b6 | G95: 价值交付三组 | I95: XDR_edr | J95: 192.168.18.251 | K95: APEX-GPT引擎 | L95: 46068.122 | M95: 46097.319 | N95: 谢华圣 | P95: 高 | R95: 192.168.18.251 | S95: 192.168.4.209 | V95: 服务内 (7*24H) | W95: 服务器 | X95: 武汉园区>武汉数据库还原测试 | Y95: 郭永斌 | Z95: 46096.344 | AA95: PE | AB95: 正常 | AD95: 失陷 | AE95: 内-内 | AG95: 0天0时0分9秒 | AH95: 46096.344 | AK95: None | AL95: None | AP95: 15min | AQ95: 46096.354 | AR95: 高可信 | AS95: E26031503057 | AT95: 张有鑫 | AU95: 业务触发
A96: AF设备离线 | B96: 高 | C96: 172.16.1.254 | D96: 策略调优>设备离线 | E96: 已完成 | F96: 69b71bfa77ca4c920c539135 | G96: 价值交付三组 | I96: af | K96: 设备离线 | L96: 46097.203 | M96: 46097.203 | N96: 杨美钞 | P96: 高 | V96: 服务内 (7*24H) | W96: 未知 | X96: 上海园区MSS资产 | Y96: 郭永斌 | Z96: 46097.203 | AB96: 正常 | AE96: 未知 | AG96: - | AP96: 30min | AQ96: 46097.224 | AR96: 低可信
A97: AF设备离线 | B97: 高 | C97: 0.0.0.0 | D97: 策略调优>设备离线 | E97: 已完成 | F97: 69b710f44164fc3384129895 | G97: 价值交付三组 | I97: af | K97: 设备离线 | L97: 46097.17 | M97: 46097.17 | N97: 杨美钞 | P97: 高 | V97: 服务内 (7*24H) | W97: 未知 | X97: 未归类组 | Y97: 郭永斌 | Z97: 46097.17 | AB97: 正常 | AE97: 未知 | AG97: - | AP97: 30min | AQ97: 46097.191 | AR97: 低可信
A98: AF设备离线 | B98: 高 | C98: 0.0.0.0 | D98: 策略调优>设备离线 | E98: 已完成 | F98: 69b70fc74164fc338412980f | G98: 价值交付三组 | I98: af | K98: 设备离线 | L98: 46097.167 | M98: 46097.167 | N98: 杨美钞 | P98: 高 | V98: 服务内 (7*24H) | W98: 未知 | X98: 未归类组 | Y98: 郭永斌 | Z98: 46097.167 | AB98: 正常 | AE98: 未知 | AG98: - | AP98: 30min | AQ98: 46097.188 | AR98: 低可信
A99: AF设备离线 | B99: 高 | C99: 0.0.0.0 | D99: 策略调优>设备离线 | E99: 已完成 | F99: 69b70e6477ca4c920c5389d3 | G99: 价值交付三组 | I99: af | K99: 设备离线 | L99: 46097.163 | M99: 46097.163 | N99: 杨美钞 | P99: 高 | V99: 服务内 (7*24H) | W99: 未知 | X99: 未归类组 | Y99: 郭永斌 | Z99: 46097.163 | AB99: 正常 | AE99: 未知 | AG99: - | AP99: 30min | AQ99: 46097.183 | AR99: 低可信
A100: AF设备离线 | B100: 高 | C100: 192.168.18.251 | D100: 策略调优>设备离线 | E100: 已完成 | F100: 69b70328b8cf5597ebb9af02 | G100: 价值交付三组 | I100: af | K100: 设备离线 | L100: 46097.129 | M100: 46097.129 | N100: 杨美钞 | P100: 高 | V100: 服务内 (7*24H) | W100: 未知 | X100: 武汉园区 | Y100: 郭永斌 | Z100: 46097.129 | AB100: 正常 | AE100: 未知 | AG100: - | AP100: 30min | AQ100: 46097.15 | AR100: 低可信
...

Sheet 事件表
A1: 事件类型 | B1: 事件创建时间 | C1: 类型 | D1: 事件名称 | E1: 主机IP | F1: 设备名称 | G1: 源IP | H1: 业务URL | I1: 状态 | J1: 服务组 | K1: 主机名称 | L1: XFF IP | M1: 设备类型 | N1: 类型（二级场景） | O1: 优先级 | P1: 处置建议 | Q1: 负责人 | R1: 未处置原因 | S1: 当前处理人 | T1: 资产类别 | U1: 资产信息 | V1: 威胁等级 | W1: 事件标签 | X1: 事件描述 | Y1: 事件ID | Z1: 服务类型 | AA1: 资产责任人 | AB1: 目的IP | AC1: 最近更新时间 | AD1: 组件检出时间 | AE1: 专家研判时间 | AF1: 事件遏制时间 | AG1: 事件闭环时间 | AH1: 影响范围 | AI1: 根因分析 | AJ1: 危害 | AK1: 外部反馈 | AL1: IOC | AM1: 服务经理 | AN1: 重新生成事件ID | AO1: 所属资产组 | AP1: 受影响资产 | AQ1: 备注 | AR1: 接受风险时间 | AS1: 通告时间 | AT1: 防护时间 | AU1: 应急标签 | AV1: 闭环时长 | AW1: 通告状态 | AX1: 实际通告时间 | AY1: 资产内网外网 | AZ1: 识别时长 | BA1: 响应时长 | BB1: 遏制时长 | BC1: 处置时长 | BD1: 闭环时长
A2: 业务连续性风险 | B2: 45891.387 | C2: 设备离线 | D2: EDR设备离线 | E2: 0.0.0.0 | F2: SAAS-EDR | I2: 已闭环 | J2: 价值交付三组 | M2: EDR | N2: 设备离线 | O2: 高 | S2: 郭永斌 | T2: 未知 | U2: 未归类组 | V2: 未知 | W2: 设备离线 | X2: 设备离线，请及时处理 | Y2: E25082204226 | Z2: 服务内 (7*24H) | AC2: 45891.387 | AD2: 45891.384 | AM2: 郭永斌 | AO2: 未归类组 | AQ2: 设备已检测到上线，自动关闭 | AY2: =VLOOKUP(E2,资产表!C:AG,31,0) -> #N/A | AZ2: =IF(A2<>"最新威胁",ROUND((B2-AD2)*24*60,2),"") -> 4.77 | BA2: =IF(A2<>"最新威胁",IF(ISBLANK(AX2),IF(ISBLANK(AE2),ROUND((AC2-B2)*24*60,2),ROUND((AE2-B2)*24*60,2)),ROUND((AX2-B2)*24*60,2)),"") -> 0.02 | BB2: =IF(A2<>"最新威胁",IF(ISBLANK(AX2),"",ROUND((AX2-B2)*24*60,2)),"") | BC2: =IF(A2<>"最新威胁",IF(ISBLANK(AF2),ROUND((AC2-B2)*24*60,2),ROUND((AF2-B2)*24*60,2)),"") -> 0.02 | BD2: =IF(A2<>"最新威胁",IF(ISBLANK(AG2),ROUND((AC2-B2)*24*60,2),ROUND((AG2-B2)*24*60,2)),"") -> 0.02
A3: 业务连续性风险 | B3: 45905.972 | C3: 设备离线 | D3: AF设备离线 | E3: 192.168.18.251 | F3: WH-bei | I3: 已闭环 | J3: 价值交付三组 | M3: AF | N3: 设备离线 | O3: 高 | S3: 李想 | T3: 未知 | U3: 武汉园区 | V3: 未知 | W3: 设备离线 | X3: 设备离线，请及时处理 | Y3: E25090524442 | Z3: 服务内 (7*24H) | AC3: 45905.972 | AD3: 45905.97 | AM3: 郭永斌 | AO3: 武汉园区 | AQ3: 设备已检测到上线，自动关闭 | AY3: =VLOOKUP(E3,资产表!C:AG,31,0) -> 内网 | AZ3: =IF(A3<>"最新威胁",ROUND((B3-AD3)*24*60,2),"") -> 3.33 | BA3: =IF(A3<>"最新威胁",IF(ISBLANK(AX3),IF(ISBLANK(AE3),ROUND((AC3-B3)*24*60,2),ROUND((AE3-B3)*24*60,2)),ROUND((AX3-B3)*24*60,2)),"") -> 0.22 | BB3: =IF(A3<>"最新威胁",IF(ISBLANK(AX3),"",ROUND((AX3-B3)*24*60,2)),"") | BC3: =IF(A3<>"最新威胁",IF(ISBLANK(AF3),ROUND((AC3-B3)*24*60,2),ROUND((AF3-B3)*24*60,2)),"") -> 0.22 | BD3: =IF(A3<>"最新威胁",IF(ISBLANK(AG3),ROUND((AC3-B3)*24*60,2),ROUND((AG3-B3)*24*60,2)),"") -> 0.22
A4: 业务连续性风险 | B4: 45905.98 | C4: 设备离线 | D4: AF设备离线 | E4: 0.0.0.0 | F4: QD-zhu | I4: 已闭环 | J4: 价值交付三组 | M4: AF | N4: 设备离线 | O4: 高 | S4: 李想 | T4: 未知 | U4: 未归类组 | V4: 未知 | W4: 设备离线 | X4: 设备离线，请及时处理 | Y4: E25090526259 | Z4: 服务内 (7*24H) | AC4: 45905.98 | AD4: 45905.977 | AM4: 郭永斌 | AO4: 未归类组 | AQ4: 设备已检测到上线，自动关闭 | AY4: =VLOOKUP(E4,资产表!C:AG,31,0) -> #N/A | AZ4: =IF(A4<>"最新威胁",ROUND((B4-AD4)*24*60,2),"") -> 4.38 | BA4: =IF(A4<>"最新威胁",IF(ISBLANK(AX4),IF(ISBLANK(AE4),ROUND((AC4-B4)*24*60,2),ROUND((AE4-B4)*24*60,2)),ROUND((AX4-B4)*24*60,2)),"") -> 0.28 | BB4: =IF(A4<>"最新威胁",IF(ISBLANK(AX4),"",ROUND((AX4-B4)*24*60,2)),"") | BC4: =IF(A4<>"最新威胁",IF(ISBLANK(AF4),ROUND((AC4-B4)*24*60,2),ROUND((AF4-B4)*24*60,2)),"") -> 0.28 | BD4: =IF(A4<>"最新威胁",IF(ISBLANK(AG4),ROUND((AC4-B4)*24*60,2),ROUND((AG4-B4)*24*60,2)),"") -> 0.28
A5: 业务连续性风险 | B5: 45905.983 | C5: 设备离线 | D5: AF设备离线 | E5: 0.0.0.0 | F5: TJ-zhu | I5: 已闭环 | J5: 价值交付三组 | M5: AF | N5: 设备离线 | O5: 高 | S5: 李想 | T5: 未知 | U5: 未归类组 | V5: 未知 | W5: 设备离线 | X5: 设备离线，请及时处理 | Y5: E25090527092 | Z5: 服务内 (7*24H) | AC5: 45905.983 | AD5: 45905.98 | AM5: 郭永斌 | AO5: 未归类组 | AQ5: 设备已检测到上线，自动关闭 | AY5: =VLOOKUP(E5,资产表!C:AG,31,0) -> #N/A | AZ5: =IF(A5<>"最新威胁",ROUND((B5-AD5)*24*60,2),"") -> 3.4 | BA5: =IF(A5<>"最新威胁",IF(ISBLANK(AX5),IF(ISBLANK(AE5),ROUND((AC5-B5)*24*60,2),ROUND((AE5-B5)*24*60,2)),ROUND((AX5-B5)*24*60,2)),"") -> 0.13 | BB5: =IF(A5<>"最新威胁",IF(ISBLANK(AX5),"",ROUND((AX5-B5)*24*60,2)),"") | BC5: =IF(A5<>"最新威胁",IF(ISBLANK(AF5),ROUND((AC5-B5)*24*60,2),ROUND((AF5-B5)*24*60,2)),"") -> 0.13 | BD5: =IF(A5<>"最新威胁",IF(ISBLANK(AG5),ROUND((AC5-B5)*24*60,2),ROUND((AG5-B5)*24*60,2)),"") -> 0.13
A6: 业务连续性风险 | B6: 45905.99 | C6: 设备离线 | D6: AF设备离线 | E6: 0.0.0.0 | F6: 上海AF | I6: 已闭环 | J6: 价值交付三组 | M6: AF | N6: 设备离线 | O6: 高 | S6: 李想 | T6: 未知 | U6: 未归类组 | V6: 未知 | W6: 设备离线 | X6: 设备离线，请及时处理 | Y6: E25090529066 | Z6: 服务内 (7*24H) | AC6: 45905.99 | AD6: 45905.987 | AM6: 郭永斌 | AO6: 未归类组 | AQ6: 设备已检测到上线，自动关闭 | AY6: =VLOOKUP(E6,资产表!C:AG,31,0) -> #N/A | AZ6: =IF(A6<>"最新威胁",ROUND((B6-AD6)*24*60,2),"") -> 4.42 | BA6: =IF(A6<>"最新威胁",IF(ISBLANK(AX6),IF(ISBLANK(AE6),ROUND((AC6-B6)*24*60,2),ROUND((AE6-B6)*24*60,2)),ROUND((AX6-B6)*24*60,2)),"") -> 0.13 | BB6: =IF(A6<>"最新威胁",IF(ISBLANK(AX6),"",ROUND((AX6-B6)*24*60,2)),"") | BC6: =IF(A6<>"最新威胁",IF(ISBLANK(AF6),ROUND((AC6-B6)*24*60,2),ROUND((AF6-B6)*24*60,2)),"") -> 0.13 | BD6: =IF(A6<>"最新威胁",IF(ISBLANK(AG6),ROUND((AC6-B6)*24*60,2),ROUND((AG6-B6)*24*60,2)),"") -> 0.13
A7: 业务连续性风险 | B7: 45905.99 | C7: 设备离线 | D7: AF设备离线 | E7: 0.0.0.0 | F7: AF_CD | I7: 已闭环 | J7: 价值交付三组 | M7: AF | N7: 设备离线 | O7: 高 | S7: 李想 | T7: 未知 | U7: 未归类组 | V7: 未知 | W7: 设备离线 | X7: 设备离线，请及时处理 | Y7: E25090529183 | Z7: 服务内 (7*24H) | AC7: 45905.99 | AD7: 45905.988 | AM7: 郭永斌 | AO7: 未归类组 | AQ7: 设备已检测到上线，自动关闭 | AY7: =VLOOKUP(E7,资产表!C:AG,31,0) -> #N/A | AZ7: =IF(A7<>"最新威胁",ROUND((B7-AD7)*24*60,2),"") -> 3.88 | BA7: =IF(A7<>"最新威胁",IF(ISBLANK(AX7),IF(ISBLANK(AE7),ROUND((AC7-B7)*24*60,2),ROUND((AE7-B7)*24*60,2)),ROUND((AX7-B7)*24*60,2)),"") -> 0.23 | BB7: =IF(A7<>"最新威胁",IF(ISBLANK(AX7),"",ROUND((AX7-B7)*24*60,2)),"") | BC7: =IF(A7<>"最新威胁",IF(ISBLANK(AF7),ROUND((AC7-B7)*24*60,2),ROUND((AF7-B7)*24*60,2)),"") -> 0.23 | BD7: =IF(A7<>"最新威胁",IF(ISBLANK(AG7),ROUND((AC7-B7)*24*60,2),ROUND((AG7-B7)*24*60,2)),"") -> 0.23
A8: 业务连续性风险 | B8: 45943.959 | C8: 设备离线 | D8: XDR-STA设备离线 | E8: 0.0.0.0 | F8: STA_SH | I8: 已闭环 | J8: 价值交付三组 | M8: XDR-STA | N8: 设备离线 | O8: 高 | S8: 谢华圣 | T8: 未知 | U8: 未归类组 | V8: 未知 | W8: 设备离线 | X8: 设备离线，请及时处理 | Y8: E25101318557 | Z8: 服务内 (7*24H) | AC8: 45943.99 | AD8: 45943.956 | AM8: 郭永斌 | AO8: 未归类组 | AQ8: 设备已检测到上线，自动关闭 | AY8: =VLOOKUP(E8,资产表!C:AG,31,0) -> #N/A | AZ8: =IF(A8<>"最新威胁",ROUND((B8-AD8)*24*60,2),"") -> 4.08 | BA8: =IF(A8<>"最新威胁",IF(ISBLANK(AX8),IF(ISBLANK(AE8),ROUND((AC8-B8)*24*60,2),ROUND((AE8-B8)*24*60,2)),ROUND((AX8-B8)*24*60,2)),"") -> 43.93 | BB8: =IF(A8<>"最新威胁",IF(ISBLANK(AX8),"",ROUND((AX8-B8)*24*60,2)),"") | BC8: =IF(A8<>"最新威胁",IF(ISBLANK(AF8),ROUND((AC8-B8)*24*60,2),ROUND((AF8-B8)*24*60,2)),"") -> 43.93 | BD8: =IF(A8<>"最新威胁",IF(ISBLANK(AG8),ROUND((AC8-B8)*24*60,2),ROUND((AG8-B8)*24*60,2)),"") -> 43.93
A9: 重大事件 | B9: 45947.364 | C9: 账号安全 | D9: 弱口令登录成功 | E9: 172.16.5.31 | F9: STA_SH | G9: 219.139.206.134、223.105.69.206、222.209.84.10、58.210.102.54、125.38.166.220、27.17.5.74、175.152.195.30、219.147.9.110、60.30.190.26、125.38.167.221、117.9.16.124、121.224.144.182、153.34.121.130、60.27.75.224、221.238.2.150、125.38.164.93、58.211.228.42、125.38.166.196、60.27.107.142、125.38.166.217、125.38.164.236、218.69.78.64、125.38.164.199、122.190.135.5、175.152.189.184、122.190.135.6、125.38.166.127、49.72.89.241、117.154.20.130、218.69.78.142、117.144.71.74、125.38.166.74、117.62.125.106、101.204.24.178、221.197.110.43 | I9: 已闭环 | J9: 价值交付三组 | M9: XDR-STA | N9: 账号安全 | O9: 低 | S9: 郭永斌 | T9: 服务器 | U9: 上海园区MSS资产>泛微oa系统-应用服务器 | V9: 低 | W9: 安全分析中台引擎 | Y9: E25101704025 | Z9: 服务内 (7*24H) | AB9: 172.16.5.31 | AC9: 46028.398 | AD9: 45947.363 | AE9: 45947.375 | AF9: 45947.398 | AG9: 46028.398 | AK9: 客户反馈满意 | AL9: oa.haiheangroup.com:8788/api/hrm/login/checkLogin | AM9: 郭永斌 | AO9: 上海园区MSS资产 | AQ9: 弱口令已推送修改 | AV9: 54天19时27分 | AY9: =VLOOKUP(E9,资产表!C:AG,31,0) -> 外网 | AZ9: =IF(A9<>"最新威胁",ROUND((B9-AD9)*24*60,2),"") -> 1.4 | BA9: =IF(A9<>"最新威胁",IF(ISBLANK(AX9),IF(ISBLANK(AE9),ROUND((AC9-B9)*24*60,2),ROUND((AE9-B9)*24*60,2)),ROUND((AX9-B9)*24*60,2)),"") -> 15.58 | BB9: =IF(A9<>"最新威胁",IF(ISBLANK(AX9),"",ROUND((AX9-B9)*24*60,2)),"") | BC9: =IF(A9<>"最新威胁",IF(ISBLANK(AF9),ROUND((AC9-B9)*24*60,2),ROUND((AF9-B9)*24*60,2)),"") -> 47.82 | BD9: =IF(A9<>"最新威胁",IF(ISBLANK(AG9),ROUND((AC9-B9)*24*60,2),ROUND((AG9-B9)*24*60,2)),"") -> 116687.82
A10: 重大事件 | B10: 45973.587 | C10: 脆弱性->账号安全 | D10: 弱口令登录成功 | E10: 172.20.34.80 | F10: STA_CD | G10: 101.82.138.183 | I10: 已闭环 | J10: 价值交付三组 | M10: XDR-STA | N10: 账号安全 | O10: 低 | S10: 郭永斌 | T10: 服务器 | U10: 成都园区>深大中间层-商餐服务器 | V10: 高 | Y10: E25111213390 | Z10: 服务内 (7*24H) | AB10: 172.20.34.80 | AC10: 46028.398 | AD10: 45973.587 | AE10: 45973.591 | AF10: 45973.606 | AG10: 46028.398 | AK10: 客户反馈满意 | AL10: 101.204.24.178:8059/druid/submitLogin | AM10: 郭永斌 | AO10: 成都园区 | AQ10: 弱口令已推送修改 | AV10: 54天19时27分 | AW10: 已通告 | AX10: 45973.591 | AY10: =VLOOKUP(E10,资产表!C:AG,31,0) -> 外网 | AZ10: =IF(A10<>"最新威胁",ROUND((B10-AD10)*24*60,2),"") -> 1.22 | BA10: =IF(A10<>"最新威胁",IF(ISBLANK(AX10),IF(ISBLANK(AE10),ROUND((AC10-B10)*24*60,2),ROUND((AE10-B10)*24*60,2)),ROUND((AX10-B10)*24*60,2)),"") -> 4.62 | BB10: =IF(A10<>"最新威胁",IF(ISBLANK(AX10),"",ROUND((AX10-B10)*24*60,2)),"") -> 4.62 | BC10: =IF(A10<>"最新威胁",IF(ISBLANK(AF10),ROUND((AC10-B10)*24*60,2),ROUND((AF10-B10)*24*60,2)),"") -> 26.55 | BD10: =IF(A10<>"最新威胁",IF(ISBLANK(AG10),ROUND((AC10-B10)*24*60,2),ROUND((AG10-B10)*24*60,2)),"") -> 78926.55
A11: 业务连续性风险 | B11: 46009.732 | C11: 设备离线 | D11: AF设备离线 | E11: 0.0.0.0 | F11: QD-zhu | I11: 已闭环 | J11: 价值交付三组 | M11: AF | N11: 设备离线 | O11: 高 | S11: 郭永斌 | T11: 未知 | U11: 未归类组 | V11: 未知 | W11: 设备离线 | X11: 设备离线，请及时处理 | Y11: E25121813079 | Z11: 服务内 (7*24H) | AC11: 46009.732 | AD11: 46009.73 | AM11: 郭永斌 | AO11: 未归类组 | AQ11: 设备已检测到上线，自动关闭 | AY11: =VLOOKUP(E11,资产表!C:AG,31,0) -> #N/A | AZ11: =IF(A11<>"最新威胁",ROUND((B11-AD11)*24*60,2),"") -> 3.55 | BA11: =IF(A11<>"最新威胁",IF(ISBLANK(AX11),IF(ISBLANK(AE11),ROUND((AC11-B11)*24*60,2),ROUND((AE11-B11)*24*60,2)),ROUND((AX11-B11)*24*60,2)),"") -> 0 | BB11: =IF(A11<>"最新威胁",IF(ISBLANK(AX11),"",ROUND((AX11-B11)*24*60,2)),"") | BC11: =IF(A11<>"最新威胁",IF(ISBLANK(AF11),ROUND((AC11-B11)*24*60,2),ROUND((AF11-B11)*24*60,2)),"") -> 0 | BD11: =IF(A11<>"最新威胁",IF(ISBLANK(AG11),ROUND((AC11-B11)*24*60,2),ROUND((AG11-B11)*24*60,2)),"") -> 0
A12: 重大事件 | B12: 46028.405 | C12: 脆弱性->账号安全 | D12: 弱口令登录成功 | E12: 172.16.5.31 | F12: STA_SH | G12: 153.34.121.130、27.17.5.74、125.38.164.74、58.210.102.54、221.238.2.150、101.204.24.178、219.147.9.110 | I12: 已闭环 | J12: 价值交付三组 | M12: XDR-STA | N12: 账号安全 | O12: 低 | S12: 郭永斌 | T12: 服务器 | U12: 上海园区MSS资产>泛微oa系统-应用服务器 | V12: 低 | W12: 安全分析中台引擎 | Y12: E26010603675 | Z12: 服务内 (7*24H) | AB12: 172.16.5.31 | AC12: 46038.466 | AD12: 46028.404 | AE12: 46028.407 | AF12: 46028.425 | AG12: 46038.466 | AK12: 客户反馈满意 | AL12: oa.haiheangroup.com:8788/api/hrm/login/checkLogin | AM12: 郭永斌 | AO12: 上海园区MSS资产 | AQ12: 已推送修改 | AV12: 10天1时29分 | AW12: 已通告 | AX12: 46028.406 | AY12: =VLOOKUP(E12,资产表!C:AG,31,0) -> 外网 | AZ12: =IF(A12<>"最新威胁",ROUND((B12-AD12)*24*60,2),"") -> 1.03 | BA12: =IF(A12<>"最新威胁",IF(ISBLANK(AX12),IF(ISBLANK(AE12),ROUND((AC12-B12)*24*60,2),ROUND((AE12-B12)*24*60,2)),ROUND((AX12-B12)*24*60,2)),"") -> 1.95 | BB12: =IF(A12<>"最新威胁",IF(ISBLANK(AX12),"",ROUND((AX12-B12)*24*60,2)),"") -> 1.95 | BC12: =IF(A12<>"最新威胁",IF(ISBLANK(AF12),ROUND((AC12-B12)*24*60,2),ROUND((AF12-B12)*24*60,2)),"") -> 28.22 | BD12: =IF(A12<>"最新威胁",IF(ISBLANK(AG12),ROUND((AC12-B12)*24*60,2),ROUND((AG12-B12)*24*60,2)),"") -> 14488.22
A13: 业务连续性风险 | B13: 46049.85 | C13: 设备离线 | D13: XDR-STA设备离线 | E13: 0.0.0.0 | F13: STA_WH | I13: 已闭环 | J13: 价值交付三组 | M13: XDR-STA | N13: 设备离线 | O13: 高 | S13: 安宏祥 | T13: 未知 | U13: 未归类组 | V13: 未知 | W13: 设备离线 | X13: 设备离线，请及时处理 | Y13: E26012711034 | Z13: 服务内 (7*24H) | AC13: 46049.871 | AD13: 46049.851 | AM13: 郭永斌 | AO13: 未归类组 | AQ13: 设备已检测到上线，自动关闭 | AY13: =VLOOKUP(E13,资产表!C:AG,31,0) -> #N/A | AZ13: =IF(A13<>"最新威胁",ROUND((B13-AD13)*24*60,2),"") -> -1.43 | BA13: =IF(A13<>"最新威胁",IF(ISBLANK(AX13),IF(ISBLANK(AE13),ROUND((AC13-B13)*24*60,2),ROUND((AE13-B13)*24*60,2)),ROUND((AX13-B13)*24*60,2)),"") -> 30.18 | BB13: =IF(A13<>"最新威胁",IF(ISBLANK(AX13),"",ROUND((AX13-B13)*24*60,2)),"") | BC13: =IF(A13<>"最新威胁",IF(ISBLANK(AF13),ROUND((AC13-B13)*24*60,2),ROUND((AF13-B13)*24*60,2)),"") -> 30.18 | BD13: =IF(A13<>"最新威胁",IF(ISBLANK(AG13),ROUND((AC13-B13)*24*60,2),ROUND((AG13-B13)*24*60,2)),"") -> 30.18
A14: 业务连续性风险 | B14: 46049.868 | C14: 设备离线 | D14: XDR-STA设备离线 | E14: 0.0.0.0 | F14: STA_TJ | I14: 已闭环 | J14: 价值交付三组 | M14: XDR-STA | N14: 设备离线 | O14: 高 | S14: 安宏祥 | T14: 未知 | U14: 未归类组 | V14: 未知 | W14: 设备离线 | X14: 设备离线，请及时处理 | Y14: E26012712920 | Z14: 服务内 (7*24H) | AC14: 46049.874 | AD14: 46049.846 | AM14: 郭永斌 | AO14: 未归类组 | AQ14: 设备已检测到上线，自动关闭 | AY14: =VLOOKUP(E14,资产表!C:AG,31,0) -> #N/A | AZ14: =IF(A14<>"最新威胁",ROUND((B14-AD14)*24*60,2),"") -> 31.38 | BA14: =IF(A14<>"最新威胁",IF(ISBLANK(AX14),IF(ISBLANK(AE14),ROUND((AC14-B14)*24*60,2),ROUND((AE14-B14)*24*60,2)),ROUND((AX14-B14)*24*60,2)),"") -> 9.55 | BB14: =IF(A14<>"最新威胁",IF(ISBLANK(AX14),"",ROUND((AX14-B14)*24*60,2)),"") | BC14: =IF(A14<>"最新威胁",IF(ISBLANK(AF14),ROUND((AC14-B14)*24*60,2),ROUND((AF14-B14)*24*60,2)),"") -> 9.55 | BD14: =IF(A14<>"最新威胁",IF(ISBLANK(AG14),ROUND((AC14-B14)*24*60,2),ROUND((AG14-B14)*24*60,2)),"") -> 9.55
A15: 业务连续性风险 | B15: 46049.869 | C15: 设备离线 | D15: XDR-STA设备离线 | E15: 0.0.0.0 | F15: STA_CD | I15: 已闭环 | J15: 价值交付三组 | M15: XDR-STA | N15: 设备离线 | O15: 高 | S15: 屈俊杰 | T15: 未知 | U15: 未归类组 | V15: 未知 | W15: 设备离线 | X15: 设备离线，请及时处理 | Y15: E26012714239 | Z15: 服务内 (7*24H) | AC15: 46049.873 | AD15: 46049.851 | AM15: 郭永斌 | AO15: 未归类组 | AQ15: 设备已检测到上线，自动关闭 | AY15: =VLOOKUP(E15,资产表!C:AG,31,0) -> #N/A | AZ15: =IF(A15<>"最新威胁",ROUND((B15-AD15)*24*60,2),"") -> 25.68 | BA15: =IF(A15<>"最新威胁",IF(ISBLANK(AX15),IF(ISBLANK(AE15),ROUND((AC15-B15)*24*60,2),ROUND((AE15-B15)*24*60,2)),ROUND((AX15-B15)*24*60,2)),"") -> 6.6 | BB15: =IF(A15<>"最新威胁",IF(ISBLANK(AX15),"",ROUND((AX15-B15)*24*60,2)),"") | BC15: =IF(A15<>"最新威胁",IF(ISBLANK(AF15),ROUND((AC15-B15)*24*60,2),ROUND((AF15-B15)*24*60,2)),"") -> 6.6 | BD15: =IF(A15<>"最新威胁",IF(ISBLANK(AG15),ROUND((AC15-B15)*24*60,2),ROUND((AG15-B15)*24*60,2)),"") -> 6.6
A16: 业务连续性风险 | B16: 46049.869 | C16: 设备离线 | D16: XDR-STA设备离线 | E16: 0.0.0.0 | F16: STA_SH | I16: 已闭环 | J16: 价值交付三组 | M16: XDR-STA | N16: 设备离线 | O16: 高 | S16: 安宏祥 | T16: 未知 | U16: 未归类组 | V16: 未知 | W16: 设备离线 | X16: 设备离线，请及时处理 | Y16: E26012714598 | Z16: 服务内 (7*24H) | AC16: 46049.879 | AD16: 46049.851 | AM16: 郭永斌 | AO16: 未归类组 | AQ16: 设备已检测到上线，自动关闭 | AY16: 内网 | AZ16: =IF(A16<>"最新威胁",ROUND((B16-AD16)*24*60,2),"") -> 26.32 | BA16: =IF(A16<>"最新威胁",IF(ISBLANK(AX16),IF(ISBLANK(AE16),ROUND((AC16-B16)*24*60,2),ROUND((AE16-B16)*24*60,2)),ROUND((AX16-B16)*24*60,2)),"") -> 13.52 | BB16: =IF(A16<>"最新威胁",IF(ISBLANK(AX16),"",ROUND((AX16-B16)*24*60,2)),"") | BC16: =IF(A16<>"最新威胁",IF(ISBLANK(AF16),ROUND((AC16-B16)*24*60,2),ROUND((AF16-B16)*24*60,2)),"") -> 13.52 | BD16: =IF(A16<>"最新威胁",IF(ISBLANK(AG16),ROUND((AC16-B16)*24*60,2),ROUND((AG16-B16)*24*60,2)),"") -> 13.52
A17: 重大事件 | B17: 46052.46 | C17: 应急工单->扫描工具 | D17: 主机存在Nmap工具扫描等内网横向行为 | E17: 192.168.2.5 | F17: STA_QD | G17: 192.168.2.5 | I17: 已闭环 | J17: 价值交付三组 | L17: - | M17: XDR-STA | N17: 扫描工具 | O17: 低 | S17: 郭永斌 | T17: 服务器 | U17: 青岛园区>资产发现系统默认分组 | V17: 高 | X17: 主机存在横向攻击行为，一般存在以下几种场景：遭受恶意渗透、授权渗透测试、漏扫设备漏扫、病毒横向扩散等 | Y17: E26013005823 | Z17: 服务外 | AB17: 192.168.2.11 | AC17: 46083.413 | AD17: 46052.459 | AE17: 46052.461 | AF17: 46083.413 | AG17: 46083.413 | AK17: 客户反馈满意 | AL17: 192.168.2.5 | AM17: 郭永斌 | AO17: 青岛园区 | AQ17: 已推送服务群处置/确认，后续持续观察 | AV17: 0天19时10分 | AW17: 已通告 | AX17: 46052.461 | AY17: 内网 | AZ17: =IF(A17<>"最新威胁",ROUND((B17-AD17)*24*60,2),"") -> 1.1 | BA17: =IF(A17<>"最新威胁",IF(ISBLANK(AX17),IF(ISBLANK(AE17),ROUND((AC17-B17)*24*60,2),ROUND((AE17-B17)*24*60,2)),ROUND((AX17-B17)*24*60,2)),"") -> 1.58 | BB17: =IF(A17<>"最新威胁",IF(ISBLANK(AX17),"",ROUND((AX17-B17)*24*60,2)),"") -> 1.58 | BC17: =IF(A17<>"最新威胁",IF(ISBLANK(AF17),ROUND((AC17-B17)*24*60,2),ROUND((AF17-B17)*24*60,2)),"") -> 44572.83 | BD17: =IF(A17<>"最新威胁",IF(ISBLANK(AG17),ROUND((AC17-B17)*24*60,2),ROUND((AG17-B17)*24*60,2)),"") -> 44572.83
A18: 重大事件 | B18: 46076.749 | C18: 应急工单->账号爆破 | D18: 主机存在暴力破解威胁 | E18: 192.168.4.219 | F18: SAAS-EDR | G18: 192.168.18.251 | I18: 已闭环 | J18: 价值交付三组 | M18: EDR | N18: 账号爆破 | O18: 低 | S18: 郭永斌 | T18: 服务器 | U18: 武汉园区>武汉极乐汤帝派鞋柜服务器 | V18: 高 | W18: APEX-GPT引擎 | X18: 检测到主机存在暴力破解威胁 | Y18: E26022306264 | Z18: 服务内 (7*24H) | AB18: 192.168.4.219、192.168.4.209 | AC18: 46083.413 | AD18: 46076.747 | AE18: 46076.753 | AF18: 46083.413 | AG18: 46083.413 | AK18: 客户反馈满意 | AL18: 192.168.18.251 | AM18: 郭永斌 | AO18: 武汉园区 | AQ18: 已推送服务群处置/确认，后续持续观察 | AV18: 0天19时10分 | AW18: 已通告 | AX18: 46076.752 | AY18: =VLOOKUP(E18,资产表!C:AG,31,0) -> 内网 | AZ18: =IF(A18<>"最新威胁",ROUND((B18-AD18)*24*60,2),"") -> 1.83 | BA18: =IF(A18<>"最新威胁",IF(ISBLANK(AX18),IF(ISBLANK(AE18),ROUND((AC18-B18)*24*60,2),ROUND((AE18-B18)*24*60,2)),ROUND((AX18-B18)*24*60,2)),"") -> 5.47 | BB18: =IF(A18<>"最新威胁",IF(ISBLANK(AX18),"",ROUND((AX18-B18)*24*60,2)),"") -> 5.47 | BC18: =IF(A18<>"最新威胁",IF(ISBLANK(AF18),ROUND((AC18-B18)*24*60,2),ROUND((AF18-B18)*24*60,2)),"") -> 9597.07 | BD18: =IF(A18<>"最新威胁",IF(ISBLANK(AG18),ROUND((AC18-B18)*24*60,2),ROUND((AG18-B18)*24*60,2)),"") -> 9597.07
A19: 重大事件 | B19: 46077.64 | C19: 应急工单->扫描工具 | D19: 主机存在Nmap工具扫描 | E19: 192.168.0.17 | F19: STA_QD | G19: 192.168.0.17 | I19: 已闭环 | J19: 价值交付三组 | L19: - | M19: XDR-STA | N19: 扫描工具 | O19: 低 | S19: 郭永斌 | T19: 服务器 | U19: 天津园区MSS资产>资产发现系统默认分组 | V19: 高 | X19: Nmap是一款网络扫描工具。命中该规则表明攻击者使用Nmap向网络发起扫描 | Y19: E26022406430 | Z19: 服务内 (7*24H) | AB19: 192.168.0.136 | AC19: 46083.413 | AD19: 46077.639 | AE19: 46077.648 | AF19: 46083.413 | AG19: 46083.413 | AK19: 客户反馈满意 | AL19: 192.168.0.17 | AM19: 郭永斌 | AO19: 天津园区MSS资产 | AQ19: 已推送服务群处置/确认，后续持续观察 | AV19: 0天19时10分 | AW19: 已通告 | AX19: 46077.648 | AY19: =VLOOKUP(E19,资产表!C:AG,31,0) -> 内网 | AZ19: =IF(A19<>"最新威胁",ROUND((B19-AD19)*24*60,2),"") -> 1.17 | BA19: =IF(A19<>"最新威胁",IF(ISBLANK(AX19),IF(ISBLANK(AE19),ROUND((AC19-B19)*24*60,2),ROUND((AE19-B19)*24*60,2)),ROUND((AX19-B19)*24*60,2)),"") -> 11.1 | BB19: =IF(A19<>"最新威胁",IF(ISBLANK(AX19),"",ROUND((AX19-B19)*24*60,2)),"") -> 11.1 | BC19: =IF(A19<>"最新威胁",IF(ISBLANK(AF19),ROUND((AC19-B19)*24*60,2),ROUND((AF19-B19)*24*60,2)),"") -> 8313.17 | BD19: =IF(A19<>"最新威胁",IF(ISBLANK(AG19),ROUND((AC19-B19)*24*60,2),ROUND((AG19-B19)*24*60,2)),"") -> 8313.17
A20: 重大威胁 | B20: 45985.387 | C20: 外部威胁->web攻击 | D20: 主机遭受web攻击 | E20: 172.16.1.4 | F20: 苏州AF-zhu | G20: 153.101.162.213 | I20: 已闭环 | J20: 价值交付三组 | M20: AF | N20: web攻击 | O20: 低 | S20: 郭永斌 | T20: 未知 | U20: 上海园区MSS资产>深信服堡垒机 | V20: 中 | W20: 感知提升：建议推送、自定义usecase、安全分析中台引擎 | Y20: E25112403459 | Z20: 服务内 (7*24H) | AB20: 172.16.1.4 | AC20: 46002.77 | AD20: 45985.386 | AE20: 45985.388 | AF20: 46002.77 | AG20: 46002.77 | AJ20: None | AK20: 客户反馈满意 | AL20: tdyy.haiheangroup.com:9443/fort/system;login/netConfig/set_port | AM20: 郭永斌 | AO20: 上海园区MSS资产 | AQ20: 攻击失败，已封堵恶意地址 | AV20: 0天1时34分 | AW20: 已通告 | AX20: 45985.39 | AY20: =VLOOKUP(E20,资产表!C:AG,31,0) -> 内网 | AZ20: =IF(A20<>"最新威胁",ROUND((B20-AD20)*24*60,2),"") -> 0.48 | BA20: =IF(A20<>"最新威胁",IF(ISBLANK(AX20),IF(ISBLANK(AE20),ROUND((AC20-B20)*24*60,2),ROUND((AE20-B20)*24*60,2)),ROUND((AX20-B20)*24*60,2)),"") -> 4.88 | BB20: =IF(A20<>"最新威胁",IF(ISBLANK(AX20),"",ROUND((AX20-B20)*24*60,2)),"") -> 4.88 | BC20: =IF(A20<>"最新威胁",IF(ISBLANK(AF20),ROUND((AC20-B20)*24*60,2),ROUND((AF20-B20)*24*60,2)),"") -> 25031.8 | BD20: =IF(A20<>"最新威胁",IF(ISBLANK(AG20),ROUND((AC20-B20)*24*60,2),ROUND((AG20-B20)*24*60,2)),"") -> 25031.8
A21: 重大威胁 | B21: 45880.401 | C21: 外部威胁->web攻击 | D21: 主机遭受web攻击 | E21: 172.16.5.31 | F21: 上海AF | G21: 47.121.219.185 | I21: 已闭环 | J21: 价值交付三组 | M21: AF | N21: web攻击 | O21: 低 | S21: 郭永斌 | T21: 服务器 | U21: 上海园区MSS资产>泛微oa系统-应用服务器 | V21: 低 | W21: 安全分析中台引擎、感知提升：建议推送、自定义usecase | Y21: E25081105083 | Z21: 服务内 (7*24H) | AB21: 172.16.5.31 | AC21: 45880.473 | AD21: 45880.399 | AE21: 45880.404 | AF21: 45880.473 | AG21: 45880.473 | AJ21: None | AK21: 客户反馈满意 | AL21: 122.144.156.34:88/send_order.cgi | AM21: 郭永斌 | AO21: 上海园区MSS资产 | AQ21: 攻击失败，恶意地址已被封堵 | AV21: 0天1时44分 | AW21: 已通告 | AX21: 45880.404 | AY21: =VLOOKUP(E21,资产表!C:AG,31,0) -> 外网 | AZ21: =IF(A21<>"最新威胁",ROUND((B21-AD21)*24*60,2),"") -> 3.33 | BA21: =IF(A21<>"最新威胁",IF(ISBLANK(AX21),IF(ISBLANK(AE21),ROUND((AC21-B21)*24*60,2),ROUND((AE21-B21)*24*60,2)),ROUND((AX21-B21)*24*60,2)),"") -> 3.97 | BB21: =IF(A21<>"最新威胁",IF(ISBLANK(AX21),"",ROUND((AX21-B21)*24*60,2)),"") -> 3.97 | BC21: =IF(A21<>"最新威胁",IF(ISBLANK(AF21),ROUND((AC21-B21)*24*60,2),ROUND((AF21-B21)*24*60,2)),"") -> 103.55 | BD21: =IF(A21<>"最新威胁",IF(ISBLANK(AG21),ROUND((AC21-B21)*24*60,2),ROUND((AG21-B21)*24*60,2)),"") -> 103.55
A22: 重大威胁 | B22: 45958.731 | C22: 外部威胁->漏洞利用攻击 | D22: 主机遭受漏洞利用攻击 | E22: 192.168.22.54 | F22: TJ-zhu | G22: 180.167.81.107 | I22: 已闭环 | J22: 价值交付三组 | M22: AF | N22: 漏洞利用攻击 | O22: 中 | S22: 郭永斌 | T22: 服务器 | U22: 天津园区MSS资产>应用服务器 | V22: 低 | W22: 感知提升：建议推送、自定义usecase、安全分析中台引擎 | Y22: E25102815198 | Z22: 服务内 (7*24H) | AB22: 192.168.1.109、192.168.22.54、172.20.34.78、172.20.34.80、172.16.5.71、172.20.34.70、192.168.4.203、172.16.5.93 | AC22: 46002.77 | AD22: 45958.731 | AE22: 45958.732 | AF22: 46002.77 | AG22: 46002.77 | AJ22: None | AK22: 客户反馈满意 | AL22: oayz.haiheangroup.com:8080/CFIDE/administrator/index.cfm、60.209.248.165:19881/js.bak、60.28.99.74:8059/localsettings.php.bak、220.249.115.2:19080/jsp.old、/api/downloads?fileName=../../../../../../../../etc/passwd、101.204.24.178:8839/StreamingStatistics、oayz.haiheangroup.com:8080/、amisjd.haiheangroup.com:7788/erupt-api/ai/agent/list、/cgi-bin/order.cgi、27.17.5.74:8020/actuator/conditions、180.167.81.107、171.221.206.175:8019/+CSCOT+/oem-customization、27.17.5.74:8020/WEB-INF/web.xml~、oayz.haiheangroup.com:8080/WEB-INF/jboss-web.xml~、60.28.99.74:8059/actuator/gateway/routes/hack1762831083、219.147.9.110:8220/downloader.php、27.17.5.74:8020/WEB-INF/web.xml_、171.221.206.175:8019/admin_old、27.17.5.74:8099/static/uploadify/uploadFile.jsp、171.221.206.175:8085/aspx.bak、60.28.99.74:8099/api/blade-system/menu/list、219.147.9.110:8220/yyoa/ext/trafaxserver/SystemManage/config.jsp、60.209.248.165:19080/asp.backup、101.204.24.178:8839/site.zip、101.204.24.178:19850/+CSCOT+/oem-customization、60.28.99.74:8099/、60.28.99.74:8099/actuator/gateway/routes/hack1762825771、101.204.24.178:19850/php.old | AM22: 郭永斌 | AO22: 天津园区MSS资产 | AQ22: 攻击失败，已封堵恶意地址 | AV22: 0天1时34分 | AW22: 已通告 | AX22: 45958.732 | AY22: =VLOOKUP(E22,资产表!C:AG,31,0) -> 外网 | AZ22: =IF(A22<>"最新威胁",ROUND((B22-AD22)*24*60,2),"") -> 0.2 | BA22: =IF(A22<>"最新威胁",IF(ISBLANK(AX22),IF(ISBLANK(AE22),ROUND((AC22-B22)*24*60,2),ROUND((AE22-B22)*24*60,2)),ROUND((AX22-B22)*24*60,2)),"") -> 1.77 | BB22: =IF(A22<>"最新威胁",IF(ISBLANK(AX22),"",ROUND((AX22-B22)*24*60,2)),"") -> 1.77 | BC22: =IF(A22<>"最新威胁",IF(ISBLANK(AF22),ROUND((AC22-B22)*24*60,2),ROUND((AF22-B22)*24*60,2)),"") -> 63415.5 | BD22: =IF(A22<>"最新威胁",IF(ISBLANK(AG22),ROUND((AC22-B22)*24*60,2),ROUND((AG22-B22)*24*60,2)),"") -> 63415.5
A23: 业务连续性风险 | B23: 45875.066 | C23: 设备离线 | D23: XDR-STA设备离线 | E23: 0.0.0.0 | F23: STA_QD | I23: 已闭环 | J23: 价值交付三组 | M23: XDR-STA | N23: 设备离线 | O23: 高 | S23: 李想 | T23: 未知 | U23: 未归类组 | V23: 未知 | W23: 设备离线 | X23: 设备离线，请及时处理 | Y23: E25080601371 | Z23: 服务内 (7*24H) | AC23: 45875.066 | AD23: 45875.062 | AM23: 郭永斌 | AO23: 未归类组 | AQ23: 设备已检测到上线，自动关闭 | AY23: =VLOOKUP(E23,资产表!C:AG,31,0) -> #N/A | AZ23: =IF(A23<>"最新威胁",ROUND((B23-AD23)*24*60,2),"") -> 4.92 | BA23: =IF(A23<>"最新威胁",IF(ISBLANK(AX23),IF(ISBLANK(AE23),ROUND((AC23-B23)*24*60,2),ROUND((AE23-B23)*24*60,2)),ROUND((AX23-B23)*24*60,2)),"") -> 0.02 | BB23: =IF(A23<>"最新威胁",IF(ISBLANK(AX23),"",ROUND((AX23-B23)*24*60,2)),"") | BC23: =IF(A23<>"最新威胁",IF(ISBLANK(AF23),ROUND((AC23-B23)*24*60,2),ROUND((AF23-B23)*24*60,2)),"") -> 0.02 | BD23: =IF(A23<>"最新威胁",IF(ISBLANK(AG23),ROUND((AC23-B23)*24*60,2),ROUND((AG23-B23)*24*60,2)),"") -> 0.02
A24: 业务连续性风险 | B24: 45875.067 | C24: 设备离线 | D24: AF设备离线 | E24: 0.0.0.0 | F24: QD-zhu | I24: 已闭环 | J24: 价值交付三组 | M24: AF | N24: 设备离线 | O24: 高 | S24: 李想 | T24: 未知 | U24: 未归类组 | V24: 未知 | W24: 设备离线 | X24: 设备离线，请及时处理 | Y24: E25080601386 | Z24: 服务内 (7*24H) | AC24: 45875.067 | AD24: 45875.064 | AM24: 郭永斌 | AO24: 未归类组 | AQ24: 设备已检测到上线，自动关闭 | AY24: 内网 | AZ24: =IF(A24<>"最新威胁",ROUND((B24-AD24)*24*60,2),"") -> 4.57 | BA24: =IF(A24<>"最新威胁",IF(ISBLANK(AX24),IF(ISBLANK(AE24),ROUND((AC24-B24)*24*60,2),ROUND((AE24-B24)*24*60,2)),ROUND((AX24-B24)*24*60,2)),"") -> 0 | BB24: =IF(A24<>"最新威胁",IF(ISBLANK(AX24),"",ROUND((AX24-B24)*24*60,2)),"") | BC24: =IF(A24<>"最新威胁",IF(ISBLANK(AF24),ROUND((AC24-B24)*24*60,2),ROUND((AF24-B24)*24*60,2)),"") -> 0 | BD24: =IF(A24<>"最新威胁",IF(ISBLANK(AG24),ROUND((AC24-B24)*24*60,2),ROUND((AG24-B24)*24*60,2)),"") -> 0
A25: 业务连续性风险 | B25: 45883.528 | C25: 设备离线 | D25: XDR-STA设备离线 | E25: 0.0.0.0 | F25: STA_TJ | I25: 已闭环 | J25: 价值交付三组 | M25: XDR-STA | N25: 设备离线 | O25: 高 | S25: 李澍 | T25: 未知 | U25: 未归类组 | V25: 未知 | W25: 设备离线 | X25: 设备离线，请及时处理 | Y25: E25081412850 | Z25: 服务内 (7*24H) | AC25: 45883.528 | AD25: 45883.526 | AM25: 郭永斌 | AO25: 未归类组 | AQ25: 设备已检测到上线，自动关闭 | AY25: 内网 | AZ25: =IF(A25<>"最新威胁",ROUND((B25-AD25)*24*60,2),"") -> 3.97 | BA25: =IF(A25<>"最新威胁",IF(ISBLANK(AX25),IF(ISBLANK(AE25),ROUND((AC25-B25)*24*60,2),ROUND((AE25-B25)*24*60,2)),ROUND((AX25-B25)*24*60,2)),"") -> 0 | BB25: =IF(A25<>"最新威胁",IF(ISBLANK(AX25),"",ROUND((AX25-B25)*24*60,2)),"") | BC25: =IF(A25<>"最新威胁",IF(ISBLANK(AF25),ROUND((AC25-B25)*24*60,2),ROUND((AF25-B25)*24*60,2)),"") -> 0 | BD25: =IF(A25<>"最新威胁",IF(ISBLANK(AG25),ROUND((AC25-B25)*24*60,2),ROUND((AG25-B25)*24*60,2)),"") -> 0
A26: 业务连续性风险 | B26: 45883.665 | C26: 设备离线 | D26: AF设备离线 | E26: 0.0.0.0 | F26: TJ-zhu | I26: 已闭环 | J26: 价值交付三组 | M26: AF | N26: 设备离线 | O26: 高 | S26: 郭永斌 | T26: 未知 | U26: 未归类组 | V26: 未知 | W26: 设备离线 | X26: 设备离线，请及时处理 | Y26: E25081414896 | Z26: 服务内 (7*24H) | AC26: 45883.665 | AD26: 45883.662 | AM26: 郭永斌 | AO26: 未归类组 | AQ26: 设备已检测到上线，自动关闭 | AY26: =VLOOKUP(E26,资产表!C:AG,31,0) -> #N/A | AZ26: =IF(A26<>"最新威胁",ROUND((B26-AD26)*24*60,2),"") -> 3.78 | BA26: =IF(A26<>"最新威胁",IF(ISBLANK(AX26),IF(ISBLANK(AE26),ROUND((AC26-B26)*24*60,2),ROUND((AE26-B26)*24*60,2)),ROUND((AX26-B26)*24*60,2)),"") -> 0.02 | BB26: =IF(A26<>"最新威胁",IF(ISBLANK(AX26),"",ROUND((AX26-B26)*24*60,2)),"") | BC26: =IF(A26<>"最新威胁",IF(ISBLANK(AF26),ROUND((AC26-B26)*24*60,2),ROUND((AF26-B26)*24*60,2)),"") -> 0.02 | BD26: =IF(A26<>"最新威胁",IF(ISBLANK(AG26),ROUND((AC26-B26)*24*60,2),ROUND((AG26-B26)*24*60,2)),"") -> 0.02
A27: 业务连续性风险 | B27: 45906.314 | C27: 设备离线 | D27: TSS设备离线 | E27: 172.20.34.199 | F27: TSS-CD | I27: 已闭环 | J27: 价值交付三组 | M27: TSS | N27: 设备离线 | O27: 高 | S27: 李想 | T27: 未知 | U27: 成都园区 | V27: 未知 | W27: 设备离线 | X27: 设备离线，请及时处理 | Y27: E25090604982 | Z27: 服务内 (7*24H) | AC27: 45906.314 | AD27: 45905.966 | AM27: 郭永斌 | AO27: 成都园区 | AQ27: 设备已检测到上线，自动关闭 | AY27: 内网 | AZ27: =IF(A27<>"最新威胁",ROUND((B27-AD27)*24*60,2),"") -> 501.95 | BA27: =IF(A27<>"最新威胁",IF(ISBLANK(AX27),IF(ISBLANK(AE27),ROUND((AC27-B27)*24*60,2),ROUND((AE27-B27)*24*60,2)),ROUND((AX27-B27)*24*60,2)),"") -> 0 | BB27: =IF(A27<>"最新威胁",IF(ISBLANK(AX27),"",ROUND((AX27-B27)*24*60,2)),"") | BC27: =IF(A27<>"最新威胁",IF(ISBLANK(AF27),ROUND((AC27-B27)*24*60,2),ROUND((AF27-B27)*24*60,2)),"") -> 0 | BD27: =IF(A27<>"最新威胁",IF(ISBLANK(AG27),ROUND((AC27-B27)*24*60,2),ROUND((AG27-B27)*24*60,2)),"") -> 0
A28: 业务连续性风险 | B28: 45906.315 | C28: 设备离线 | D28: TSS设备离线 | E28: 192.168.2.10 | F28: TSS-QD | I28: 已闭环 | J28: 价值交付三组 | M28: TSS | N28: 设备离线 | O28: 高 | S28: 李想 | T28: 未知 | U28: 青岛园区 | V28: 未知 | W28: 设备离线 | X28: 设备离线，请及时处理 | Y28: E25090604997 | Z28: 服务内 (7*24H) | AC28: 45906.315 | AD28: 45905.966 | AM28: 郭永斌 | AO28: 青岛园区 | AQ28: 设备已检测到上线，自动关闭 | AY28: 内网 | AZ28: =IF(A28<>"最新威胁",ROUND((B28-AD28)*24*60,2),"") -> 501.98 | BA28: =IF(A28<>"最新威胁",IF(ISBLANK(AX28),IF(ISBLANK(AE28),ROUND((AC28-B28)*24*60,2),ROUND((AE28-B28)*24*60,2)),ROUND((AX28-B28)*24*60,2)),"") -> 0 | BB28: =IF(A28<>"最新威胁",IF(ISBLANK(AX28),"",ROUND((AX28-B28)*24*60,2)),"") | BC28: =IF(A28<>"最新威胁",IF(ISBLANK(AF28),ROUND((AC28-B28)*24*60,2),ROUND((AF28-B28)*24*60,2)),"") -> 0 | BD28: =IF(A28<>"最新威胁",IF(ISBLANK(AG28),ROUND((AC28-B28)*24*60,2),ROUND((AG28-B28)*24*60,2)),"") -> 0
A29: 业务连续性风险 | B29: 45906.315 | C29: 设备离线 | D29: TSS设备离线 | E29: 172.16.6.200 | F29: TSS-SH | I29: 已闭环 | J29: 价值交付三组 | M29: TSS | N29: 设备离线 | O29: 高 | S29: 李想 | T29: 未知 | U29: 上海园区MSS资产 | V29: 未知 | W29: 设备离线 | X29: 设备离线，请及时处理 | Y29: E25090605010 | Z29: 服务内 (7*24H) | AC29: 45906.315 | AD29: 45905.966 | AM29: 郭永斌 | AO29: 上海园区MSS资产 | AQ29: 设备已检测到上线，自动关闭 | AY29: 内网 | AZ29: =IF(A29<>"最新威胁",ROUND((B29-AD29)*24*60,2),"") -> 502.27 | BA29: =IF(A29<>"最新威胁",IF(ISBLANK(AX29),IF(ISBLANK(AE29),ROUND((AC29-B29)*24*60,2),ROUND((AE29-B29)*24*60,2)),ROUND((AX29-B29)*24*60,2)),"") -> 0 | BB29: =IF(A29<>"最新威胁",IF(ISBLANK(AX29),"",ROUND((AX29-B29)*24*60,2)),"") | BC29: =IF(A29<>"最新威胁",IF(ISBLANK(AF29),ROUND((AC29-B29)*24*60,2),ROUND((AF29-B29)*24*60,2)),"") -> 0 | BD29: =IF(A29<>"最新威胁",IF(ISBLANK(AG29),ROUND((AC29-B29)*24*60,2),ROUND((AG29-B29)*24*60,2)),"") -> 0
A30: 业务连续性风险 | B30: 45906.315 | C30: 设备离线 | D30: TSS设备离线 | E30: 192.168.22.5 | F30: TSS-TJ | I30: 已闭环 | J30: 价值交付三组 | M30: TSS | N30: 设备离线 | O30: 高 | S30: 李想 | T30: 未知 | U30: 天津园区MSS资产 | V30: 未知 | W30: 设备离线 | X30: 设备离线，请及时处理 | Y30: E25090605013 | Z30: 服务内 (7*24H) | AC30: 45906.315 | AD30: 45905.966 | AM30: 郭永斌 | AO30: 天津园区MSS资产 | AQ30: 设备已检测到上线，自动关闭 | AY30: 内网 | AZ30: =IF(A30<>"最新威胁",ROUND((B30-AD30)*24*60,2),"") -> 502.12 | BA30: =IF(A30<>"最新威胁",IF(ISBLANK(AX30),IF(ISBLANK(AE30),ROUND((AC30-B30)*24*60,2),ROUND((AE30-B30)*24*60,2)),ROUND((AX30-B30)*24*60,2)),"") -> 0.02 | BB30: =IF(A30<>"最新威胁",IF(ISBLANK(AX30),"",ROUND((AX30-B30)*24*60,2)),"") | BC30: =IF(A30<>"最新威胁",IF(ISBLANK(AF30),ROUND((AC30-B30)*24*60,2),ROUND((AF30-B30)*24*60,2)),"") -> 0.02 | BD30: =IF(A30<>"最新威胁",IF(ISBLANK(AG30),ROUND((AC30-B30)*24*60,2),ROUND((AG30-B30)*24*60,2)),"") -> 0.02
A31: 业务连续性风险 | B31: 45906.315 | C31: 设备离线 | D31: TSS设备离线 | E31: 192.168.4.214 | F31: TSS-WH | I31: 已闭环 | J31: 价值交付三组 | M31: TSS | N31: 设备离线 | O31: 高 | S31: 李想 | T31: 未知 | U31: 武汉园区 | V31: 未知 | W31: 设备离线 | X31: 设备离线，请及时处理 | Y31: E25090605026 | Z31: 服务内 (7*24H) | AC31: 45906.315 | AD31: 45905.966 | AM31: 郭永斌 | AO31: 武汉园区 | AQ31: 设备已检测到上线，自动关闭 | AY31: 内网 | AZ31: =IF(A31<>"最新威胁",ROUND((B31-AD31)*24*60,2),"") -> 502.1 | BA31: =IF(A31<>"最新威胁",IF(ISBLANK(AX31),IF(ISBLANK(AE31),ROUND((AC31-B31)*24*60,2),ROUND((AE31-B31)*24*60,2)),ROUND((AX31-B31)*24*60,2)),"") -> 0 | BB31: =IF(A31<>"最新威胁",IF(ISBLANK(AX31),"",ROUND((AX31-B31)*24*60,2)),"") | BC31: =IF(A31<>"最新威胁",IF(ISBLANK(AF31),ROUND((AC31-B31)*24*60,2),ROUND((AF31-B31)*24*60,2)),"") -> 0 | BD31: =IF(A31<>"最新威胁",IF(ISBLANK(AG31),ROUND((AC31-B31)*24*60,2),ROUND((AG31-B31)*24*60,2)),"") -> 0
A32: 业务连续性风险 | B32: 45911.02 | C32: 设备离线 | D32: EDR设备离线 | E32: 0.0.0.0 | F32: SAAS-EDR | I32: 已闭环 | J32: 价值交付三组 | M32: EDR | N32: 设备离线 | O32: 高 | S32: 聂江海 | T32: 未知 | U32: 未归类组 | V32: 未知 | W32: 设备离线 | X32: 设备离线，请及时处理 | Y32: E25091101651 | Z32: 服务内 (7*24H) | AC32: 45911.02 | AD32: 45911.018 | AM32: 郭永斌 | AO32: 未归类组 | AQ32: 设备已检测到上线，自动关闭 | AY32: 内网 | AZ32: =IF(A32<>"最新威胁",ROUND((B32-AD32)*24*60,2),"") -> 3.43 | BA32: =IF(A32<>"最新威胁",IF(ISBLANK(AX32),IF(ISBLANK(AE32),ROUND((AC32-B32)*24*60,2),ROUND((AE32-B32)*24*60,2)),ROUND((AX32-B32)*24*60,2)),"") -> 0.02 | BB32: =IF(A32<>"最新威胁",IF(ISBLANK(AX32),"",ROUND((AX32-B32)*24*60,2)),"") | BC32: =IF(A32<>"最新威胁",IF(ISBLANK(AF32),ROUND((AC32-B32)*24*60,2),ROUND((AF32-B32)*24*60,2)),"") -> 0.02 | BD32: =IF(A32<>"最新威胁",IF(ISBLANK(AG32),ROUND((AC32-B32)*24*60,2),ROUND((AG32-B32)*24*60,2)),"") -> 0.02
A33: 业务连续性风险 | B33: 45912.985 | C33: 设备离线 | D33: XDR-STA设备离线 | E33: 0.0.0.0 | F33: STA_TJ | I33: 已闭环 | J33: 价值交付三组 | M33: XDR-STA | N33: 设备离线 | O33: 高 | S33: 聂江海 | T33: 未知 | U33: 未归类组 | V33: 未知 | W33: 设备离线 | X33: 设备离线，请及时处理 | Y33: E25091219167 | Z33: 服务内 (7*24H) | AC33: 45912.985 | AD33: 45912.982 | AM33: 郭永斌 | AO33: 未归类组 | AQ33: 设备已检测到上线，自动关闭 | AY33: =VLOOKUP(E33,资产表!C:AG,31,0) -> #N/A | AZ33: =IF(A33<>"最新威胁",ROUND((B33-AD33)*24*60,2),"") -> 3.43 | BA33: =IF(A33<>"最新威胁",IF(ISBLANK(AX33),IF(ISBLANK(AE33),ROUND((AC33-B33)*24*60,2),ROUND((AE33-B33)*24*60,2)),ROUND((AX33-B33)*24*60,2)),"") -> 0.08 | BB33: =IF(A33<>"最新威胁",IF(ISBLANK(AX33),"",ROUND((AX33-B33)*24*60,2)),"") | BC33: =IF(A33<>"最新威胁",IF(ISBLANK(AF33),ROUND((AC33-B33)*24*60,2),ROUND((AF33-B33)*24*60,2)),"") -> 0.08 | BD33: =IF(A33<>"最新威胁",IF(ISBLANK(AG33),ROUND((AC33-B33)*24*60,2),ROUND((AG33-B33)*24*60,2)),"") -> 0.08
A34: 业务连续性风险 | B34: 45912.989 | C34: 设备离线 | D34: XDR-STA设备离线 | E34: 0.0.0.0 | F34: STA_WH | I34: 已闭环 | J34: 价值交付三组 | M34: XDR-STA | N34: 设备离线 | O34: 高 | S34: 聂江海 | T34: 未知 | U34: 未归类组 | V34: 未知 | W34: 设备离线 | X34: 设备离线，请及时处理 | Y34: E25091220380 | Z34: 服务内 (7*24H) | AC34: 45912.99 | AD34: 45912.986 | AM34: 郭永斌 | AO34: 未归类组 | AQ34: 设备已检测到上线，自动关闭 | AY34: 内网 | AZ34: =IF(A34<>"最新威胁",ROUND((B34-AD34)*24*60,2),"") -> 5.08 | BA34: =IF(A34<>"最新威胁",IF(ISBLANK(AX34),IF(ISBLANK(AE34),ROUND((AC34-B34)*24*60,2),ROUND((AE34-B34)*24*60,2)),ROUND((AX34-B34)*24*60,2)),"") -> 0.68 | BB34: =IF(A34<>"最新威胁",IF(ISBLANK(AX34),"",ROUND((AX34-B34)*24*60,2)),"") | BC34: =IF(A34<>"最新威胁",IF(ISBLANK(AF34),ROUND((AC34-B34)*24*60,2),ROUND((AF34-B34)*24*60,2)),"") -> 0.68 | BD34: =IF(A34<>"最新威胁",IF(ISBLANK(AG34),ROUND((AC34-B34)*24*60,2),ROUND((AG34-B34)*24*60,2)),"") -> 0.68
A35: 业务连续性风险 | B35: 45915.332 | C35: 设备离线 | D35: TSS设备离线 | E35: 172.20.34.199 | F35: TSS-CD | I35: 已闭环 | J35: 价值交付三组 | M35: TSS | N35: 设备离线 | O35: 高 | S35: 谢华圣 | T35: 未知 | U35: 成都园区 | V35: 未知 | W35: 设备离线 | X35: 设备离线，请及时处理 | Y35: E25091508613 | Z35: 服务内 (7*24H) | AC35: 45915.332 | AD35: 45914.983 | AM35: 郭永斌 | AO35: 成都园区 | AQ35: 设备已检测到上线，自动关闭 | AY35: 内网 | AZ35: =IF(A35<>"最新威胁",ROUND((B35-AD35)*24*60,2),"") -> 502.12 | BA35: =IF(A35<>"最新威胁",IF(ISBLANK(AX35),IF(ISBLANK(AE35),ROUND((AC35-B35)*24*60,2),ROUND((AE35-B35)*24*60,2)),ROUND((AX35-B35)*24*60,2)),"") -> 0.02 | BB35: =IF(A35<>"最新威胁",IF(ISBLANK(AX35),"",ROUND((AX35-B35)*24*60,2)),"") | BC35: =IF(A35<>"最新威胁",IF(ISBLANK(AF35),ROUND((AC35-B35)*24*60,2),ROUND((AF35-B35)*24*60,2)),"") -> 0.02 | BD35: =IF(A35<>"最新威胁",IF(ISBLANK(AG35),ROUND((AC35-B35)*24*60,2),ROUND((AG35-B35)*24*60,2)),"") -> 0.02
